example_id,true_label,predicted_label,positive_probability,original_token_length,oov_rate,has_negation,text,review_group,error_type,testable_fix,student_reviewed,checkpoint_sha256
yelp:test:29330,0,1,0.9999983310699464,23,0.0,False,"Wow love the place and everything is very clean and new!\n\nGreat place to come and relax worth a try!\n\nCheers,\n\nEric Van Nguyen\nVisited April 2012",confident_false_positive,,,False,5ae7df4f747e89209ec2ca1381652bf3ed0fcf671a6f15605cb08323a0d9599c
yelp:test:20681,0,1,0.9999877214431764,2,0.0,False,Large variety,confident_false_positive,,,False,5ae7df4f747e89209ec2ca1381652bf3ed0fcf671a6f15605cb08323a0d9599c
yelp:test:25701,0,1,0.9999827146530152,46,0.0,True,"I had both a red tinga as well as a chili verde gordita. I also enjoyed a large cup of the best Horchata in Las Vegas. Fresh and warm, the gorditas were filling and good.....but not great. Good for a quick stop, but there are much better options when looking for a full flavored, spicy, authentic gordita. The service was very friendly and the restaurant spotlessly clean, almost antiseptic.",confident_false_positive,,,False,5ae7df4f747e89209ec2ca1381652bf3ed0fcf671a6f15605cb08323a0d9599c
yelp:test:12480,0,1,0.9999526739120485,13,0.0,False,"my husband had an omelette that was good. i had a blt, a little on the small side for $10, but bacon was great. Our server was awesome!",confident_false_positive,,,False,5ae7df4f747e89209ec2ca1381652bf3ed0fcf671a6f15605cb08323a0d9599c
yelp:test:1560,0,1,0.9999504089355468,14,0.0,False,"Home of the incredible exploding burrito. This place is awesome if you want to wear your food. Actually, that might be better than eating it. :(",confident_false_positive,,,False,5ae7df4f747e89209ec2ca1381652bf3ed0fcf671a6f15605cb08323a0d9599c
yelp:test:1131,1,0,1.4353538517752895e-06,4,0.0,False,The margaritas wont do ya dirty!,confident_false_negative,,,False,5ae7df4f747e89209ec2ca1381652bf3ed0fcf671a6f15605cb08323a0d9599c
yelp:test:30958,1,0,3.4071854315698147e-06,235,0.0,True,"Look, we all know Cox sucks. In fact they are a terrible business and their practices are laughable. However they are a necessary evil if you want Internet that isn't garbage that can handle streaming/gaming. The way they handle issues over the phone is worse than Comcast, and for all my east coast brothers/sisters you know what a serious accusation that is. It all started with shitty TV Service. My household went through 4 dvr boxes. 4. That all broke. All of them. 100's of hours of TV. Lost. Every. Single. Time. Their solution? Downgrade from contour. That's their genius solution. So my solution? Upgrade to Dish for TV. PROBLEM SOLVED. However they charged us $200 to disconnect claiming we were on a contract. Nope, disputed that. However to dispute it you have to literally mail a letter to corporate. In the mean time, they cut off my Internet service for pay bills AND THEN DOUBLE CHARGED ME FOR THE INTERNET. WHAT? EXCUSE ME? How does that even make sense? So, an angry phone call and 2 hours on hold, I get the Internet back on because I work from home and to refund the double charged service they have to send a check, via the mail, to a local store. Okay, cool. A week later, let's drive from San tan valley to Gilbert. Once we arrive , turns out the check wasn't mailed. In fact the person helping us via the phone wrote that checks can't be sent to the store, and put a future apology in the notes to us. Thanks Cox cock. So, if you made it this far, why do I give this store 5 stars? The Manager, Mario. That's why. The savior of my people. Stepped in. Saw the crap we went through and listened to my tale. With about 5 minutes of effort , he credited our account for $300. $200 for the bs fee , $50 for the double charge and another $50 just because he was sorry. That's customer service. That's being a great human. He's the man, and my opinion of Cox has changed. ALWAYS GO TO A COX STORE. ALWAYS! They know their stuff and actually care. They are not the call center idiots. They are true experts and will always get the job done. Thank you Mario at the Gilbert Cox Store. Thank you so much",confident_false_negative,,,False,5ae7df4f747e89209ec2ca1381652bf3ed0fcf671a6f15605cb08323a0d9599c
yelp:test:22807,1,0,0.0001918689667945,60,0.0,True,"EDIT: They really did change the service up since I last posted this.\n\nHorrible service.\n\nUsed to be my favorite pizza in the city (at a reasonable price), but I'm rethinking that. We just had an altercation with a server who refused to split a check when we were paying with cash. He then proceeded to disrespect the party at the table, telling us to 'not give him attitude about it.'\n\nSorry Bella Notte, but we're not children. I don't care if you're working hard - it doesn't give you any excuse to disrespect your paying customers like that.",confident_false_negative,,,False,5ae7df4f747e89209ec2ca1381652bf3ed0fcf671a6f15605cb08323a0d9599c
yelp:test:30793,1,0,0.0002632777031976,64,0.0,True,"This place is so much better since they changed owners.\n\nMy wife and I went when it was the old owners, it was terrible.  We waited forever and the food never came before we walked out.  People were served before us that walked in after and my wife actually got her soup before me and I sat and waited while they \""""made more\"""".\n\nIt was horrible.\n\nNow its much better.  The staff are very friendly, they treat their customers very well and I have nothing but positive things to now say about this place.  Its much better with the new owners.",confident_false_negative,,,False,5ae7df4f747e89209ec2ca1381652bf3ed0fcf671a6f15605cb08323a0d9599c
yelp:test:30354,1,0,0.0004053826560266,66,0.0,False,"Maize is good, but the hype has gotten out of hand. \nTheir burritos are average - I mean, they are above-average for this area, but in general they are just okay. Kind of loosely wrapped, which is disappointing.\nChips and salsa are good.\nTacos seem fairly standard.\nPerhaps the issue is that there is so much mediocre Mexican food around. I heard rave reviews about here, and have tried them a couple of times, but they are just good in my opinion. So, this is a local 4 (I'd rather have Huaraches) and if I'm judging it against legit Mexican in other areas of the country, it's probably a 3.",confident_false_negative,,,False,5ae7df4f747e89209ec2ca1381652bf3ed0fcf671a6f15605cb08323a0d9599c
yelp:test:22922,1,0,0.4998984634876251,186,0.0,True,"I too was at the work training with Ayesha (see very first review) and like her I wanted something different than the usual fast food places nearby.  \n\nI'm an incredibly picky person when it comes to authentic Mexican food.  Growing up in San Diego, I grew up with some of the best tasting food around.  When I moved here I was unimpressed over and over again with the places I kept trying around the west valley and even the east valley.  At one point, I even swore off trying any new Mexican style restaurant altogether.  No more gross, greasy, no flavor Mexican food for me!  The Sonoran style food here just doesn't jive with me and my taste for flavorful Baja style food.  Yep, that's right...there's a difference.  Baja style is tastier with a lot more flavor per bite.  I have found that Sonoran is more bland and greasier.\n\nI was pretty skeptical when we walked into Jalapenos (Tio Freddy's).  But then I picked up their menu and saw they had Carne Asada Fries...a San Diego favorite!  Forget everything else on the menu, that is what I ordered.  It was delicious!  Not only was the food flavorful but Tio Freddy and his wife were amazing.  Even though it is a place where you order at the counter, they brought me my food, offered me sauce from the sauce bar, and came by more than once to check on how I was enjoying my food!  \n\nIt is a small place in a strip mall and I have never noticed it before, and I know others haven't.  If you want to try some great Mexican food at a really inexpensive price...try it out!",near_threshold,,,False,5ae7df4f747e89209ec2ca1381652bf3ed0fcf671a6f15605cb08323a0d9599c
yelp:test:20477,1,0,0.49982351064682,66,0.0303030303030303,True,"I enjoy a variety of things on the menu, and I like the approach to eating healthfully.  Unlike some of the other Fox restaurants, I don't think this one is overpriced.  Where else can you get quinoa salad?  I'm not a vegetarian, but I eat many of the vegetarian options because they're so tasty.  The \""""TLT\"""" (a fake BLT) is amazingly good.  And, of course, the hummus is one of the more unique takes on that dish you'll find anywhere.  The wine list is spartan, but that is a sacrifice you'll have to make for their good, healthful options.  Last, I know it isn't their fault, but be prepared to be annoyed with the Biltmore's ridiculous parking system.",near_threshold,,,False,5ae7df4f747e89209ec2ca1381652bf3ed0fcf671a6f15605cb08323a0d9599c
yelp:test:35815,1,0,0.4994286894798279,34,0.0,True,"I've given it another try. I see improvement in all directions. Staff is more friendly. They don't have the \""""deer in the headlights\"""" look anymore.. I thought their signature dogs were very good. Great location and atmosphere. I think once this place is really fine-tuned it will be a great addition to dining options in Ballantyne.",near_threshold,,,False,5ae7df4f747e89209ec2ca1381652bf3ed0fcf671a6f15605cb08323a0d9599c
yelp:test:7121,0,1,0.5008456707000732,38,0.0,False,"Meh. Its confusing to try and find where to be picked up by a private party, I felt like I walked 4 miles to get from y gate to the parking garage despite the ease of the moving walkways. I rather fly into Vegas than drive from my home in SoCal, but I wish the Airport was a little more user-friendly.",near_threshold,,,False,5ae7df4f747e89209ec2ca1381652bf3ed0fcf671a6f15605cb08323a0d9599c
yelp:test:37435,0,1,0.5008649826049805,16,0.0,True,"Was not able to eat here for lunch, they closed seating. Asked for next day an same thing happened despite perfect planning.",near_threshold,,,False,5ae7df4f747e89209ec2ca1381652bf3ed0fcf671a6f15605cb08323a0d9599c
yelp:test:10081,1,0,0.391199916601181,581,0.0017211703958691,True,"YOUR GUIDE TO A SUCCESSFUL FLAMINGO HOTEL STAY\n\nAfter pretty much reading nothing but negative reviews I think I need to share what I think makes for a great Flamingo Hotel experience.  We have done an annual man-cation here for the last 4 years in July and  I don't have a single complaint and below are a couple reasons why.  I do understand the Flamingo can be a little difficult to navigate and in some aspects has kind of turned into a In and Out Burger type establishment where you need to know the secret menu but here is your secret menu:\n\n1.  This is the FLAMINGO so you are already setting yourself up for failure if you go in expecting the Wynn or some other fancy hotel I have only seen the outside of.  Wrap your head around that before booking at this hotel.  I am not someone who subscribes to the theory of just getting a crap hotel because you are never in it.  I want a good bed and nice shower even if I do plan on being in the room 6 hours over the course of 3 days.  You can still get a quality room at the Flamingo if you know what you are doing\n\n2.  BOOKING A ROOM:\nWhen you get a room spend the extra money and get a Go Room.  Don't pay for the upgrade for the rooms with the crap fake wood floor.  A Go Room I say.  Don't pay for a suite unless you are already in a gambling mood.  Some can be great and others can look like an apartment circa 1972.  Getting a standard room is like asking for your room to smell of cat urine and vomit.  Again if you are in the gambling mood give it a whirl.  The Go Rooms are clean for the most part and modern.  Good shower and bed with an I pod docking station for listening to good jams before you go out.\n\n3.  CHECKING IN:\nThis can be a cluster mess of epic proportion if you allow it but follow this method and you will be good to go and laughing at the individuals in line for hours having a breakdown. We do this every year and have not had a problem yet.  First, DO NOT arrive at check in time and actually do not check in after 1pm ever.  Figure out a way to get there early.  Last year we tried to check in at 8am.  Of course we couldn't but that is not the point.  If you are flying to Vegas have the cab driver drop you off at the Valet and call over a bell hop.  If you drive to Vegas go to the Valet and call over a bell hop.  The bell hop will take your bags and give you a ticket.  First problem already solved.  Now you have just avoided being the people carrying their luggage through the hotel running into trash cans and small children along the way.  The people with their luggage on the Strip are hopeless so forget about them. Now you may be able to check in early for a small fee and if so great, you simply call down when you get to your room and your bags arrive and everybody is happy.  Now if you are like us and try to check in at 8am this is never going to work but what you will do is knock out everything that is needed with the front desk so when you come back at 3pm or whenever you go into a different line.  A few minutes an then you get your room key and are done because you have already completed the credit card/ID crap.  When you try and check in too early at the front desk they will point out this separate line for you to get in later in the day.\n\n4.  The POOL:  First of all RIP to the small pool which used to be the 21 and over pool and was topless at one time.  Nobody actually went topless, well a few people did but you get the idea.  So the large pool is 21 and up and the small pool is for families.  Families this hotel is really not the place for you.  You might think the location is great but I have about a million reasons why you should not stay here with the little ones. The Flamingo pool scene is good times and it is not the whole Encore pool scene vibe.  Get there early really early if you are the kind of person who wants a chair.  Remember this pool is also open to Bill's guest as well so the chairs fill up quick.  We usually pay the $200 and get the day bed for the day and there you have a home base to place your things, sit, lay or whatever you little heart desires.  It comes with a couple of free drinks or a bucket of beers.  You are in direct line for the booty shaking contest in the afternoon as well.  It is kind of cheesy but everyone is having a good time so just cheer for the brave girls who get up there and shake that thang.   The pool is big enough so although everyone is peeing it really does not effect you or at least me. I will say the vibe at the pool was a little weak this past year.  I thought the DJ just turned it to the local FM top 40 station and called it a day.  I am not trying to hate at all but the crowd did look a little rough around the edges.  You know what I am talking about.  Some really LARGE white people with their umbrella drink in one hand and a basket of whatever nasty mess they ordered at the snack shop in the other.  Still plenty of good looking people.  Hope this helps",long_review_slice,,,False,5ae7df4f747e89209ec2ca1381652bf3ed0fcf671a6f15605cb08323a0d9599c
yelp:test:9911,1,0,0.1788342297077179,563,0.0159857904085257,True,"Gather around little Yelpers, let me tell you about my stay at ye ol' Treasure Island. No, but seriously get ready to hear it.\n\nWe had the penthouse suite here. Our room was beautifully decorated and looked real crisp. Being an all guys birthday weeknd, we wanted to go all out. As soon as entering the room, we immediately fired up the jacuzzi. And 10 minutes later there was water all over the floor due to my fellow comrade who thinks it's not a problem to cannonball indoors. The staff handled the situation pretty well actually. They hand soaked and air dryed the room while we were out and the room looked handy dandy when we returned that night.\n\nBeing a fairly rowdy group, being loud was a given. Things got a little wierd for us two days in. Our room was the first room on the hall we were in, and they actually had a person standing by our room 24/7. I asked why was this necessary, but the staff all told me they were doing what they were told by the relief and higher class. I'm conviced they were keeping an eye on us.\nThe pool area was exceptional. I mean, it's not a Wet Republic or Cancun, but it's a decent place to lounge around and sun bathe. The music selection was a hit or miss. Some days it was hopping and popping with an actual DJ, and some days it was like they were playing a radio. The drinks are actually really overpriced, but it is Vegas, so you can't really blame them. Anywho, the crowd here was pretty laid back and it was pretty obvious that everyone was hungover. We had brought a handle of Jameson down with us and had our own personal bar going. This goes against the rules, and the staff gave us a warning, but didn't confiscate the bottle until the second warning, when the bottle was already finished. We had forgotten our swimming wear back in the room, and made the executive decision to jump into the pool in our boxers. We weren't escorted out of the pool area, so i'm assuming this is okay if anyone considers this in the future.\n\nThe tables here are cursed, and do not pay out. Go somewhere else. No, but seriously, I had the worst luck on the tables. The cocktail waitresses returned fairly quickly with the water down drinks, and do not return to you if you don't tip them well. \n\nThe restauraunt selection here isn't the best. They have one place here open 24 hours that serves food that any late night diner would. We ate here a couple early mornings, and the food is as good as any drunk person looking for a quick bite would expect. The staff at the said restaurant were a hit and miss. Some were cooperative while others gave us the evil eye. My buddy and I came here one morning after a night of painting the town red, and we actually fell asleep after we ordered our food. After miserably failing to wake us up, the staff stored our food away until we woke up. No, they didn't remake our food, but instead saved it for us. I would've said something to them about giving us food that was not fresh, but during my sleep, I actually lost my phone and one of the employees here found my phone on the floor and returned it to me once I woke up. A truly sincere gesture when in Sin City. The food wasn't that good by the way.\n\nI felt bad for the maid that was in charge of cleaning our room. The pad looked like a tornado flew through it. After the second day I started tipping any houskeeper that passed by our room and showering them with compliments. It was the least I could do. Our room was always clean after we returned from the daily escapades, with the linen being fully stocked and our bathroom presentably clean. Nothing was stolen or taken either. \n\nWe ordered room service to go along with our pregame on one of the nights when we were getting ready. Aside from the aggressive lady that yelled at us because we took to long to order, the food was extroadinary. We ordered a bunch of finger food that cost us an arm and leg, but everyone was neatly wrapped and to my surprise, well prepared and cooked. \n\nLast but not least, the people in charge of customer service. We had initially asked for a room with a view of the strip, but we also really wanted a smoking room to hot box, but to our dismay, the only smoking room they had, did not have a strip view. So we ended up settling for the view of the not so infamous Trump Tower. My buddy who had initially booked the room, called customer service intoxicated, mind you. He complained to them about the hotel view we had and gave them a bogus story about how he was going to propose tomorrow night and needed a strip view. After speaking to many people he finally had a word with the manager who actually gave us a brand new penthouse with a strip view for our last day there. These people really made our trip memorable and cooperated with all our needs. \n\nI'm giving this place 4 stars because their are better places to stay at on the strip, but if you're not really trying to go all, this is not a bad hotel. It's also right next to the Wynn and Palazzo.",long_review_slice,,,False,5ae7df4f747e89209ec2ca1381652bf3ed0fcf671a6f15605cb08323a0d9599c
yelp:test:37318,0,1,0.775001049041748,561,0.0231729055258467,True,"The Yusho stands for \n\nYU SHOuld not go to this place.\n\nAt first i saw the sign and i was super excited I could not wait for this place to open it's doors because i love Japanese style grilling. Yakitori and Robatayaki is the best and they have noodles too? Bonus!!!!\n\nEvery time i drove by the sign \""""Yusho Japanese Grill & Noodle House\"""" I could just imagine myself eating tender cuts of charred chicken and steak off of skewers and then slurping up delicious noodles bathed in brothy goodness.  My mouth would water just at the thought of it.- I could not wait for this place to open its doors because it's such a perfect combo and there really is nobody on the strip doing this at a reasonable price.  \n\nBOOOM!....AWAKEN FROM THE DREAM.....\n\nAs i walked in i noticed was there was a lot of outdoor patio furniture clumsily arranged in front of the entrance...uh oh i felt a disturbance in the Japanese Feng Shui force. \n\nMaking my way into the restaurant i was greeted immediately by a very friendly staff, perhaps too friendly...........\n\nThe restaurant has a very simple atmosphere, not reminiscent of any kind street food dining i have ever encountered. It's more like this cafeteria i went to at Depauw University in Indiana that i was visiting back in 1998.   Dark wood colors and  a blend of white and yellow light that is confusing, mixed with bad fabrics and colors that don't match.  What ever happened to the good ol Japanese Feng Shui? I am not a feng Shui expert but if i was i would give it 1 Feng on a scale of 1-10 with 10 being a perfect Feng Shui.   There was definitely no Feng Shui Consultant involved in any part of the design of this place. \n\nThe articles have praised Yusho as a high end elevated take on Japanese street food. When i think of Japanese street food i think of carts lining the streets with smoke bellowing off grills as delicious cuts of meat on skewers are charring on the grill and ladles of noodles and steamy bowls of brothy goodness are being served in big bowls to a bustling crowd of hungry folk who only have a 15 minute lunch break.   \n\nOur order of elevated Japanese street food:\n\nChub sausage steamed bun -- No elevation here it was just terrible couldn't eat more than one bite.  Terrible blood sausage. Since when is Sweet and Gritty good?  I still get a little sick just thinking about it. \n\nDuck Leg w Steam Bun -- No elevation-- pretty standard on this if you want a little duck and some bread and you have $25 to spare this will do. If i was stuck on a deserted island with only a Yusho restaurant to survive i would probably just eat these. \n\nChicken Wings-- No elevation I like my wings with a little crispiness to them...there was no crispiness...  These were slimy and stuffed with a  filling that made it taste like a chicken meatball more than a wing.  No Yakitori or Robatayaki flavor goodness present. \n\nRamen Noodles-- Probably the worst non elevation--- Precariously balancing on the bowl was a  rectangular meat stick of what tasted like Panko crumb fried Bumble Bee Tuna. .... .......We were told it was pork.  Much better places for ramen in Vegas and at $22 for a small bowl this one made me really wish i could just beam myself out of there immediately.   Where's a federation starship when you need one?  \n\nThe hosts, server, busser provided excellent service.   Since this restaurant is part of the hotel we used our points for the meal and wanted to put a nice tip on a credit card because our waitress was the best ever and it's not her fault she has a terrible product to work with.  In comes a clueless aggressive girl manager who said they could not charge a tip on a credit card for the server and when i asked what they do when this happens she said that she encourages customers not to leave a tip. She reminded me of an angry badger. After a brief exchange of words where i educated her on the concept of protecting her staff.  She scampered away to try again and hallelujah she figured it out!  Obviously this is her first time as a restaurant manager. Sorry awesome staff your inexperienced angry badger manager is too lazy to help get you tips and is definitely the nail in the coffin for this place.  \n\nIf this food was not elevated  i think the tourists would like it and there would be a chance of success. Tourists won't like the food and when they have an issue the badger will crush them.   \n\nIt's just unbelievable that this  \""""elevated\"""" street food is elevated by non other than Matthias Merges the executive chef from the infamous Charlie Trotters in Chicago- Arguably the greatest restaurant in modern Chicago History.  The only thing elevated about this place is the price. \n\nMathias, i think it would be wise to make it an authentic Japanese street food experience.  Change the menu and concept and fire the clueless manager! \n\nOverpriced, non elevated bad  food, dull atmosphere, with good staff except for the badger.  YU SHOuld say Sayonara to Yusho.",long_review_slice,,,False,5ae7df4f747e89209ec2ca1381652bf3ed0fcf671a6f15605cb08323a0d9599c
yelp:test:9919,1,0,0.2048820257186889,536,0.0223880597014925,True,"My original feeling was to give the IP 3 stars - neither here nor there - until I ended up bleeding all over their escalator and floor and their great treatment of dumbass me merited another star.  More on that later.\n\nI was in Vegas for my first time for my first Roller Con, the international roller derby convention.  Yes, that exists.  Naturally, we needed someplace cheap, and IP fit the bill.  They dealt with 1000+ drunk and rowdy rollergirls/crew pretty well; of course some of the security was freaking out, but overall, I've heard few complaints from attendees.  You have to look at the hotel for what it is, guys.  I went over to the Bellagio and hadn't apparently comprehended before the trip that some hotels are palaces; the IP is utilitarian, generic brand. \n\nDo I have complaints?  PLENTY.  The layout of the hotel is unforgivable; nothing connects, some areas are incredibly far from the main part of the hotel and having a room there is like staying in the boonies.  You can't get from one end of the hotel to the other in any simple manner.  You're constantly going up and down elevators and escalators and getting lost.  Speaking of elevators, there need to be at least a dozen more; huge crowds would form around the bank of elevators next to the casino (which, yes, smells like an ashtray, but I'm also from CA where I'm not used to indoor smoking), and one time I waited for at least five minutes before an elevator stopped at my floor to go down.  Prepare to get snuggly with your fellow riders because people WILL pack in.  Friday/Saturday night enormous crowds formed around the elevators, a mix of skanked-out girls and drunken loud derby players, plus some unfortunate families whose children will never recover.  Karaoke bar is ok, I guess, but everything is more fun when you pack a couple hundred rollergirls in.  The pool is far too chlorinated, smelled funny, and hurt my eyes.  You have to pay for wifi.  The self-parking garage is way too small for weekend crowds.  Public restrooms aren't great.  Considering I was there for a convention, I spent a lot of time in the conference rooms, and those were pretty much what you'd expect in a cheap hotel: large rooms with no frills.  I appreciated that every conference room consistently had coolers of ice water and a stack of cups.  Apparently the IP is supposed to be Asian-themed, but they carry through so poorly that it was hardly noticeable.  \n\nDeluxe, no, workable, absolutely.  My friends ended up in a room with a love tub - a big tub IN the room, with a mirror over it and a mirror over the bed.  It was the kind of crap I'd seen on TV and I loved it.  FYI: having all your friends lie on the bed and take pictures in the mirror is fun.  I didn't find the regular rooms, showers, or closets as unsavory as some yelpers have, although I am still unclear why packets of butter were smeared all over my friend's room door/outside wall.  \n\nThey've already been mentioned by others, but: DEALERTAINERS.  I laughed at the billboards on the way into town, but oh man, it is awesome to go into the casino and see someone who vaguely resembles Michael Jackson on the roulette wheel.  Other celebs I saw: Billy Idol, Britney Spears, Stevie Wonder, Madonna, Gwen Stefani, Freddie Mercury (that guy was great), Pat Benetar, etc.  And they take turns getting up on the little platform and lip syncing a song by their likenesses.  So great.  And the Dealertainers POSE if you point a camera at 'em!  LOVE IT.\n\nAs I mentioned in the first sentence of this review, I ate it on an escalator (600% my fault, had nothing to do with the escalator/hotel, no I am not suing) and ended up with a large, deep gash in my knee that left me bleeding everywhere.  As an aside, keep in mind that a friend had stuck a large fake mustache on me immediately before the incident, so I extra looked like a dumb and potentially drunk rollergirl who had been running around for days annoying people.  The cleaning people saw my predicament and said they had to call security, then waited what seemed like a while to give me a paper towel or something, and security and an EMT showed up startlingly fast.  And they were all VERY nice to me.  The EMT cleaned me up and taped gauze on me, the security guard got all my info, they spoke to the lucky friend who got to take me to urgent care - hell, they knew where an urgent care was, not just an ER - and I never got the feeling I was being judged or condescended to.  Even the cleaning people who got stuck cleaning up the blood were nice, and coincidentally, one ended up cleaning the room I'd stayed in and randomly telling my roommate about the accident; my friend said yep, she knew me, and the woman asked my friend to send along a \""""hope you're doing ok.\""""  THAT'S SERVICE.",long_review_slice,,,False,5ae7df4f747e89209ec2ca1381652bf3ed0fcf671a6f15605cb08323a0d9599c
yelp:test:26354,1,0,0.2208167165517807,524,0.0076335877862595,True,"In honor of receiving a 4-star award recently, Habitat chose to offer a $4 special on its burger at lunch (regularly $12).  With that offer, how could I say no - an opportunity to try one of the hot-list new dineries downtown?  So my coworker GH and I braved the bitter cold for a chance at nirvana.\n\nEnvironment:  very mod. Loved the color scheme - very soothing blues and browns.  Open dining room.  Dishes are very cool (white but not your typical plates) - and the salt and pepper are so unique, it was tempting to slip them into the pocket (no, I didn't take them, Chef, but I REALLY liked them - that was the first thing GH noticed on the table).  The water pitcher was even better - but that would never have fit into a pocket.....The commmitment to green manifests itself in everything from the placemats to the lighting - despite the grey winter day, the room takes advantage of all of the natural light available with the glass curtain walls.  Pittsburgh is not known for having an overabundance of sophisticated cosmopolitan dining establishments.  Habitat made me feel like I was in Frisco or NYC.  Contemporary, not cookie cutter mold, and not at all stuffy.\n\nVery quiet restaurant which means it is conducive to talking without the next table eavesdropping.  That alone makes this is a unique restaurant these days - I get weary of trying to talk over the music and hear about the next table's most recent fling or surgery.\n\nWait staff:  very good.  Rajee was our waiter.  Attentive, but not overbearing.  Service was quite fast - when I remarked to the server that our lunch came quickly, the response was \""""we recognize that most folks don't have a long time for lunch so we try to serve you quickly\"""".  I liked that.  We lingered way too long chatting after our lunch was consumed and, yes, we were still back in the office within the allotted hour.  I have a hard time doing that with any restaurant downtown.\n\nNow on to the food. I came for a burger. I wanted that burger.  But I looked at the menu and found a dozen other things I wanted more.  But I went for the burger (so this is an indication that I will be back).\n\nThe burger was good. I am not going to say it was the best I have ever had, but it was good.  It is served on a wonderful egg bun with nice thick ripe tomato, a slice of onion, lettuce, and a crispy dill pickle slice.   And the burger is a nice size - with all the fixings, it was a handful.  GH could handle it, I cut mine in half so as to not look like the ravenous carnivore that I am.  The meat was rare as I requested - but here is where it doesn't yet earn it's fifth star.  It wasn't messy.  I understand that a well-done burger will never drip juice - after all, you don't expect shoe leather to be juicy, why would you expect a well-done burger to be any different.  But a rare burger should leave some juices running down your fingers or chin (ok, it's a nice restaurant, maybe the chin thing would be too much).  But there was no juice which kind of was odd to me. The meat seemed to be chopped more than ground - which was not a bad thing, a little different but not bad.  It was not dried out or overcooked, it was just not juicy.\n\nThe burger came with a white cheddar slice melted on top.  And the flavor was kind of lost on the burger.  Now, it was not a large thick slice of Cheddar (after all, the sandwich is a loss leader) so maybe a thicker slice would hold up to the flavor.\n\nAgain, the same with the bacon.  I knew it was there but didn't get a really good taste of it.  Again, I am willing to consider that because of the low price, perhaps the bacon was quite thin and lost on the sandwich.\n\nFor sides, GH chose the obligatory fries which came in a cone and seemed to be quite good (when a coworker doesn't offer to share a fry, I figure they must be good).  I chose the butternut squash soup which is on the menu daily.  That soup alone brought the 3-star lunch up to a 4-star lunch.  It is not a large side serving of soup - maybe 1/2 a cup at most.  But it was a tasty soup, just the right thickness, lightly seasoned.  It came in this adorable little cup/bowl - which I wanted to lick clean then stick in the pocket behind the salt and pepper shakers and the frog pitcher.  I would come back for the soup alone - and one more chance at those salt and pepper shakers.... \n\nSo I am holding at 4 stars.  I will return - I will need to try that burger again to decide if it deserves a better rating or not.  And that naan pizza with ricotta and hummus is just calling my name....",long_review_slice,,,False,5ae7df4f747e89209ec2ca1381652bf3ed0fcf671a6f15605cb08323a0d9599c
