scope,direction,metric,value,status,note
unchanged_supplied_notebook,directional_mean,FID,94.71603584640337,computed,
unchanged_supplied_notebook,directional_mean,MiFID,0.4048158824443817,computed,
unchanged_supplied_notebook,directional_mean,composite,47.56042586442388,computed,
export_scorer,monet_to_photo,FID,95.90505633988286,computed,Directional companion scorer; official mean is above.
export_scorer,monet_to_photo,MiFID,0.41517722606658936,computed,Directional companion scorer; official mean is above.
export_scorer,photo_to_monet,FID,93.52066037353589,computed,Directional companion scorer; official mean is above.
export_scorer,photo_to_monet,MiFID,0.3944854140281677,computed,Directional companion scorer; official mean is above.
diagnostic,monet_to_photo,KID,0.016355821256213154,computed,Class images also occurred in training; not a held-out estimate.
diagnostic,monet_to_photo,content_cosine,0.7900960477232046,computed,
selected_checkpoint,monet_to_photo,generative_precision,,not_measured,Not measured for this checkpoint; older model metrics do not apply.
selected_checkpoint,monet_to_photo,generative_recall,,not_measured,Not measured for this checkpoint; older model metrics do not apply.
selected_checkpoint,monet_to_photo,generative_density,,not_measured,Not measured for this checkpoint; older model metrics do not apply.
selected_checkpoint,monet_to_photo,generative_coverage,,not_measured,Not measured for this checkpoint; older model metrics do not apply.
selected_checkpoint,monet_to_photo,LPIPS,,not_measured,Not measured for this checkpoint; older model metrics do not apply.
selected_checkpoint,monet_to_photo,cycle_reconstruction_L1,,not_measured,Not measured for this checkpoint; older model metrics do not apply.
human_audit,monet_to_photo,human_style,,pending,Requires new blinded ratings for this checkpoint.
human_audit,monet_to_photo,human_content,,pending,Requires new blinded ratings for this checkpoint.
human_audit,monet_to_photo,human_artifacts,,pending,Requires new blinded ratings for this checkpoint.
human_audit,monet_to_photo,inter_rater_agreement,,pending,Requires new blinded ratings for this checkpoint.
diagnostic,photo_to_monet,KID,0.006281199246791491,computed,Class images also occurred in training; not a held-out estimate.
diagnostic,photo_to_monet,content_cosine,0.7470643736522511,computed,
selected_checkpoint,photo_to_monet,generative_precision,,not_measured,Not measured for this checkpoint; older model metrics do not apply.
selected_checkpoint,photo_to_monet,generative_recall,,not_measured,Not measured for this checkpoint; older model metrics do not apply.
selected_checkpoint,photo_to_monet,generative_density,,not_measured,Not measured for this checkpoint; older model metrics do not apply.
selected_checkpoint,photo_to_monet,generative_coverage,,not_measured,Not measured for this checkpoint; older model metrics do not apply.
selected_checkpoint,photo_to_monet,LPIPS,,not_measured,Not measured for this checkpoint; older model metrics do not apply.
selected_checkpoint,photo_to_monet,cycle_reconstruction_L1,,not_measured,Not measured for this checkpoint; older model metrics do not apply.
human_audit,photo_to_monet,human_style,,pending,Requires new blinded ratings for this checkpoint.
human_audit,photo_to_monet,human_content,,pending,Requires new blinded ratings for this checkpoint.
human_audit,photo_to_monet,human_artifacts,,pending,Requires new blinded ratings for this checkpoint.
human_audit,photo_to_monet,inter_rater_agreement,,pending,Requires new blinded ratings for this checkpoint.
training,b1_c5,generator_total_logged_mean,1.8794888267645964,computed,"Mean over logged updates, not all updates or selected-checkpoint evaluation."
training,b1_c5,generator_total_final_logged,1.804133653640747,computed,
training,b1_c5,discriminator_photo_logged_mean,0.17237264290527515,computed,"Mean over logged updates, not all updates or selected-checkpoint evaluation."
training,b1_c5,discriminator_photo_final_logged,0.20262177288532257,computed,
training,b1_c5,discriminator_monet_logged_mean,0.09676376418487445,computed,"Mean over logged updates, not all updates or selected-checkpoint evaluation."
training,b1_c5,discriminator_monet_final_logged,0.12830066680908203,computed,
training,b1_c5,cycle_photo_l1_logged_mean,0.08650197535652566,computed,"Mean over logged updates, not all updates or selected-checkpoint evaluation."
training,b1_c5,cycle_photo_l1_final_logged,0.11398230493068695,computed,
training,b1_c5,cycle_monet_l1_logged_mean,0.07413765943130932,computed,"Mean over logged updates, not all updates or selected-checkpoint evaluation."
training,b1_c5,cycle_monet_l1_final_logged,0.06606637686491013,computed,
training,b1_c5,identity_loss_weight,0,computed,Identity loss disabled; no measured identity reconstruction loss.
training,b1_c5,nan_events,0,computed,
training,b1_c5,completed_updates,370000,computed,
training,b1_c5,training_seconds,22294.551738388836,computed,Trainer-timed update work; excludes evaluation and setup.
training,b1_c5,images_per_second,33.19196585261677,computed,"Two domain images per batch-1 update; timed update work, not end-to-end throughput."
architecture,G_photo_to_monet,parameter_count,11378179,computed,
architecture,G_monet_to_photo,parameter_count,11378179,computed,
architecture,D_photo,parameter_count,2764737,computed,
architecture,D_monet,parameter_count,2764737,computed,
training,b1_c5,gradient_norms,,not_recorded,No verified per-arm measurement; shared GPU snapshots are not this metric.
training,b1_c5,peak_gpu_memory_bytes,,not_recorded,No verified per-arm measurement; shared GPU snapshots are not this metric.
training,b1_c5,peak_host_memory_bytes,,not_recorded,No verified per-arm measurement; shared GPU snapshots are not this metric.
kaggle,team,public_score,,not_submitted,Local supplied-notebook evaluation only.
kaggle,team,private_score,,not_submitted,Local supplied-notebook evaluation only.
kaggle,team,leaderboard_rank,,not_submitted,Local supplied-notebook evaluation only.
