metric,value
experiment,vast_256_seed3143_v1
config.run_name,vast_256_seed3143_v1
config.seed,3143
config.image_size,256
config.load_size,286
config.base_channels,64
config.residual_blocks,9
config.epochs,200
config.steps_per_epoch,512
config.decay_start,100
config.batch_size,1
config.lr,0.0002
config.beta1,0.5
config.beta2,0.999
config.lambda_cycle,10.0
config.lambda_identity,5.0
config.gradient_clip,
config.pool_size,50
config.amp,True
config.cache_decoded_images,True
config.workers,0
config.checkpoint_minutes,10
config.evaluate_every,10
config.selection_images,300
config.report_images,300
config.feature_batch,16
config.inference_batch,4
config.sanity_fid_limit,1.0
config.max_session_hours,8.0
config.gpu_price_per_hour,0.5
config.mifid_epsilon,0.1
config.mifid_distance_direction,real_to_fake
selected_epoch,190
training_completed_epochs,200
training_completed_steps,102400
full_photo_FID,88.25302496317252
local_MiFID.MiFID,88.25302496317252
local_MiFID.memorization_distance,0.2049605165747498
local_MiFID.memorization_penalty,1.0
local_MiFID.direction,real_to_fake
local_MiFID.epsilon,0.1
local_MiFID.rule_confirmed,False
directional_metrics[0].direction,A2B_Monet_to_Photo
directional_metrics[0].real_count,300
directional_metrics[0].fake_count,300
directional_metrics[0].FID_subset,102.99267777093371
directional_metrics[0].KID_mean,0.01980525371123647
directional_metrics[0].KID_std,0.0032404456789663443
directional_metrics[0].generative_precision,0.6433333333333333
directional_metrics[0].generative_recall,0.17666666666666667
directional_metrics[0].cycle_L1,0.08263944058368604
directional_metrics[0].LPIPS_input_vs_translation,0.29781510276099044
directional_metrics[0].content_cosine,0.8588930659314739
directional_metrics[1].direction,B2A_Photo_to_Monet
directional_metrics[1].real_count,300
directional_metrics[1].fake_count,300
directional_metrics[1].FID_subset,103.39417673965659
directional_metrics[1].KID_mean,0.013112496853528045
directional_metrics[1].KID_std,0.0019342314892913496
directional_metrics[1].generative_precision,0.4866666666666667
directional_metrics[1].generative_recall,0.45666666666666667
directional_metrics[1].cycle_L1,0.10519049971053998
directional_metrics[1].LPIPS_input_vs_translation,0.3923218834896882
directional_metrics[1].content_cosine,0.8028584316958591
training_final_epoch_losses.epoch,200.0
training_final_epoch_losses.lr,2e-06
training_final_epoch_losses.G_loss,3.478485258296132
training_final_epoch_losses.D_A_loss,0.11423110894611455
training_final_epoch_losses.D_B_loss,0.14858563092639088
training_final_epoch_losses.adversarial,1.113250408670865
training_final_epoch_losses.cycle_L1,0.16217681739362888
training_final_epoch_losses.identity_L1,0.14869333380192984
training_final_epoch_losses.G_grad,22.339267417788506
training_final_epoch_losses.D_grad,10.054940635338426
training_final_epoch_losses.gradient_norm_max,90.06614685058594
gradient_norm_max,507.6832275390625
generator_gradient_norm_mean,24.934393305992707
discriminator_gradient_norm_mean,11.778825583723373
nan_inf_loss_count,0
training_update_time_sec,10136.567139450344
training_session_wall_time_sec,10634.073529061978
training_pairs_per_sec,10.10203933849272
real_input_images_per_sec,20.20407867698544
peak_memory_mb,9088.51611328125
generator_parameter_count,22756358
discriminator_parameter_count,5529474
hardware,NVIDIA GeForce RTX 4090
human_audit.status,PENDING_TWO_RATERS
kaggle_public_score,
kaggle_private_score,
kaggle_rank,
kaggle_submission_id,
stats_sha256,43c1616e28b6a8c5c5bdc91e1ece0fda6e07050f1c5e2b52c332090f411c18e0
data_sha256,6bbbc07362e75ff78ade98dec020b2a7a01ec4a892a8c5effa7010d2f6a578d0
submission_ready,False
