scope,direction,metric,value,status,checkpoint_sha256,details
heldout_test,photo_to_monet,fid,190.80318753529932,computed,0c2eab37c42062bbd7b3b2c5c5c097adc949535ff77a9f805ad89842f6f8073b,{}
heldout_test,photo_to_monet,kid,0.008205128996632994,computed,0c2eab37c42062bbd7b3b2c5c5c097adc949535ff77a9f805ad89842f6f8073b,"{""note"": ""Subset SD is not training-seed uncertainty; unbiased KID estimates may be negative"", ""subset_size"": 30, ""subset_std"": 0.004461145124111346, ""subsets"": 50}"
heldout_test,photo_to_monet,precision,0.6239316239316239,computed,0c2eab37c42062bbd7b3b2c5c5c097adc949535ff77a9f805ad89842f6f8073b,"{""nearest_k"": 5}"
heldout_test,photo_to_monet,recall,0.6666666666666666,computed,0c2eab37c42062bbd7b3b2c5c5c097adc949535ff77a9f805ad89842f6f8073b,"{""nearest_k"": 5}"
heldout_test,photo_to_monet,density,0.6387464387464388,computed,0c2eab37c42062bbd7b3b2c5c5c097adc949535ff77a9f805ad89842f6f8073b,"{""nearest_k"": 5}"
heldout_test,photo_to_monet,coverage,1.0,computed,0c2eab37c42062bbd7b3b2c5c5c097adc949535ff77a9f805ad89842f6f8073b,"{""nearest_k"": 5}"
heldout_test,photo_to_monet,lpips_cycle,0.16889124237361797,computed,0c2eab37c42062bbd7b3b2c5c5c097adc949535ff77a9f805ad89842f6f8073b,"{""count"": 702}"
heldout_test,photo_to_monet,content_cosine,0.8093166832315956,computed,0c2eab37c42062bbd7b3b2c5c5c097adc949535ff77a9f805ad89842f6f8073b,"{""count"": 702}"
heldout_test,photo_to_monet,cycle_l1,0.09278278960249363,computed,0c2eab37c42062bbd7b3b2c5c5c097adc949535ff77a9f805ad89842f6f8073b,"{""count"": 702, ""pixel_range"": ""[-1,1]""}"
heldout_test,photo_to_monet,source_count,702,computed,0c2eab37c42062bbd7b3b2c5c5c097adc949535ff77a9f805ad89842f6f8073b,{}
heldout_test,photo_to_monet,generated_count,702,computed,0c2eab37c42062bbd7b3b2c5c5c097adc949535ff77a9f805ad89842f6f8073b,{}
heldout_test,photo_to_monet,real_reference_count,30,computed,0c2eab37c42062bbd7b3b2c5c5c097adc949535ff77a9f805ad89842f6f8073b,{}
heldout_test,photo_to_monet,inference_seconds,2.777613400205155,computed,0c2eab37c42062bbd7b3b2c5c5c097adc949535ff77a9f805ad89842f6f8073b,{}
heldout_test,photo_to_monet,inference_images_per_second,252.73495582507996,computed,0c2eab37c42062bbd7b3b2c5c5c097adc949535ff77a9f805ad89842f6f8073b,{}
heldout_test,monet_to_photo,fid,179.6695229090837,computed,0c2eab37c42062bbd7b3b2c5c5c097adc949535ff77a9f805ad89842f6f8073b,{}
heldout_test,monet_to_photo,kid,0.015484924297779798,computed,0c2eab37c42062bbd7b3b2c5c5c097adc949535ff77a9f805ad89842f6f8073b,"{""note"": ""Subset SD is not training-seed uncertainty; unbiased KID estimates may be negative"", ""subset_size"": 30, ""subset_std"": 0.0030444267203925714, ""subsets"": 50}"
heldout_test,monet_to_photo,precision,0.6666666666666666,computed,0c2eab37c42062bbd7b3b2c5c5c097adc949535ff77a9f805ad89842f6f8073b,"{""nearest_k"": 5}"
heldout_test,monet_to_photo,recall,0.5071225071225072,computed,0c2eab37c42062bbd7b3b2c5c5c097adc949535ff77a9f805ad89842f6f8073b,"{""nearest_k"": 5}"
heldout_test,monet_to_photo,density,1.0,computed,0c2eab37c42062bbd7b3b2c5c5c097adc949535ff77a9f805ad89842f6f8073b,"{""nearest_k"": 5}"
heldout_test,monet_to_photo,coverage,0.15669515669515668,computed,0c2eab37c42062bbd7b3b2c5c5c097adc949535ff77a9f805ad89842f6f8073b,"{""nearest_k"": 5}"
heldout_test,monet_to_photo,lpips_cycle,0.23028857310612996,computed,0c2eab37c42062bbd7b3b2c5c5c097adc949535ff77a9f805ad89842f6f8073b,"{""count"": 30}"
heldout_test,monet_to_photo,content_cosine,0.9006353676319122,computed,0c2eab37c42062bbd7b3b2c5c5c097adc949535ff77a9f805ad89842f6f8073b,"{""count"": 30}"
heldout_test,monet_to_photo,cycle_l1,0.11788360675175985,computed,0c2eab37c42062bbd7b3b2c5c5c097adc949535ff77a9f805ad89842f6f8073b,"{""count"": 30, ""pixel_range"": ""[-1,1]""}"
heldout_test,monet_to_photo,source_count,30,computed,0c2eab37c42062bbd7b3b2c5c5c097adc949535ff77a9f805ad89842f6f8073b,{}
heldout_test,monet_to_photo,generated_count,30,computed,0c2eab37c42062bbd7b3b2c5c5c097adc949535ff77a9f805ad89842f6f8073b,{}
heldout_test,monet_to_photo,real_reference_count,702,computed,0c2eab37c42062bbd7b3b2c5c5c097adc949535ff77a9f805ad89842f6f8073b,{}
heldout_test,monet_to_photo,inference_seconds,0.13749580003786832,computed,0c2eab37c42062bbd7b3b2c5c5c097adc949535ff77a9f805ad89842f6f8073b,{}
heldout_test,monet_to_photo,inference_images_per_second,218.18848278811112,computed,0c2eab37c42062bbd7b3b2c5c5c097adc949535ff77a9f805ad89842f6f8073b,{}
supplied_class_evaluator,monet_to_photo,FID,98.14146494530618,computed,0c2eab37c42062bbd7b3b2c5c5c097adc949535ff77a9f805ad89842f6f8073b,{}
supplied_class_evaluator,monet_to_photo,MiFID,0.41855111718177795,computed,0c2eab37c42062bbd7b3b2c5c5c097adc949535ff77a9f805ad89842f6f8073b,{}
supplied_class_evaluator,monet_to_photo,export_count,300,computed,0c2eab37c42062bbd7b3b2c5c5c097adc949535ff77a9f805ad89842f6f8073b,{}
supplied_class_evaluator,monet_to_photo,evaluated_real_count,300,computed,0c2eab37c42062bbd7b3b2c5c5c097adc949535ff77a9f805ad89842f6f8073b,{}
supplied_class_evaluator,monet_to_photo,evaluated_generated_count,300,computed,0c2eab37c42062bbd7b3b2c5c5c097adc949535ff77a9f805ad89842f6f8073b,{}
supplied_class_evaluator,photo_to_monet,FID,101.72240120756967,computed,0c2eab37c42062bbd7b3b2c5c5c097adc949535ff77a9f805ad89842f6f8073b,{}
supplied_class_evaluator,photo_to_monet,MiFID,0.407122939825058,computed,0c2eab37c42062bbd7b3b2c5c5c097adc949535ff77a9f805ad89842f6f8073b,{}
supplied_class_evaluator,photo_to_monet,export_count,7038,computed,0c2eab37c42062bbd7b3b2c5c5c097adc949535ff77a9f805ad89842f6f8073b,{}
supplied_class_evaluator,photo_to_monet,evaluated_real_count,300,computed,0c2eab37c42062bbd7b3b2c5c5c097adc949535ff77a9f805ad89842f6f8073b,{}
supplied_class_evaluator,photo_to_monet,evaluated_generated_count,300,computed,0c2eab37c42062bbd7b3b2c5c5c097adc949535ff77a9f805ad89842f6f8073b,{}
supplied_class_evaluator,equal_direction_mean,FID,99.93193307643793,computed,0c2eab37c42062bbd7b3b2c5c5c097adc949535ff77a9f805ad89842f6f8073b,{}
supplied_class_evaluator,equal_direction_mean,MiFID,0.41283702850341797,computed,0c2eab37c42062bbd7b3b2c5c5c097adc949535ff77a9f805ad89842f6f8073b,{}
frozen_validation,photo_to_monet,kid,0.011840296490117908,computed,5261abcdfe3bdbe67c7c98551bd4134a09947136b4e344d27ecb9e81027c9c3f,"{""arm"": null, ""eligible"": true, ""step"": 44992, ""variant"": ""source""}"
frozen_validation,monet_to_photo,kid,0.019546417351812125,computed,5261abcdfe3bdbe67c7c98551bd4134a09947136b4e344d27ecb9e81027c9c3f,"{""arm"": null, ""eligible"": true, ""step"": 44992, ""variant"": ""source""}"
frozen_validation,equal_direction_mean,kid,0.015693356920965018,computed,5261abcdfe3bdbe67c7c98551bd4134a09947136b4e344d27ecb9e81027c9c3f,"{""arm"": null, ""eligible"": true, ""step"": 44992, ""variant"": ""source""}"
frozen_validation,photo_to_monet,kid,0.014608413698151707,computed,1e5526b82cf35af677a66a723451f03173b2a7e4eb3818328d26d1a391fc658d,"{""arm"": ""lr5e5"", ""eligible"": false, ""step"": 22496, ""variant"": ""raw""}"
frozen_validation,monet_to_photo,kid,0.02109482331201434,computed,1e5526b82cf35af677a66a723451f03173b2a7e4eb3818328d26d1a391fc658d,"{""arm"": ""lr5e5"", ""eligible"": false, ""step"": 22496, ""variant"": ""raw""}"
frozen_validation,equal_direction_mean,kid,0.017851618505083024,computed,1e5526b82cf35af677a66a723451f03173b2a7e4eb3818328d26d1a391fc658d,"{""arm"": ""lr5e5"", ""eligible"": false, ""step"": 22496, ""variant"": ""raw""}"
frozen_validation,photo_to_monet,kid,0.010648971521295608,computed,0c2eab37c42062bbd7b3b2c5c5c097adc949535ff77a9f805ad89842f6f8073b,"{""arm"": ""lr5e5"", ""eligible"": true, ""step"": 22496, ""variant"": ""ema""}"
frozen_validation,monet_to_photo,kid,0.017362538762390613,computed,0c2eab37c42062bbd7b3b2c5c5c097adc949535ff77a9f805ad89842f6f8073b,"{""arm"": ""lr5e5"", ""eligible"": true, ""step"": 22496, ""variant"": ""ema""}"
frozen_validation,equal_direction_mean,kid,0.01400575514184311,computed,0c2eab37c42062bbd7b3b2c5c5c097adc949535ff77a9f805ad89842f6f8073b,"{""arm"": ""lr5e5"", ""eligible"": true, ""step"": 22496, ""variant"": ""ema""}"
frozen_validation,photo_to_monet,kid,0.012855392377823592,computed,9460b7806c4ea04975037b7830990df4db1df219568d3065dc81fe9e0b8d3b19,"{""arm"": ""lr2e5"", ""eligible"": false, ""step"": 22496, ""variant"": ""raw""}"
frozen_validation,monet_to_photo,kid,0.021295939069241286,computed,9460b7806c4ea04975037b7830990df4db1df219568d3065dc81fe9e0b8d3b19,"{""arm"": ""lr2e5"", ""eligible"": false, ""step"": 22496, ""variant"": ""raw""}"
frozen_validation,equal_direction_mean,kid,0.01707566572353244,computed,9460b7806c4ea04975037b7830990df4db1df219568d3065dc81fe9e0b8d3b19,"{""arm"": ""lr2e5"", ""eligible"": false, ""step"": 22496, ""variant"": ""raw""}"
frozen_validation,photo_to_monet,kid,0.010704889921471476,computed,954a73c1d33845320461b06a63c2d5475ff4f6e73d7151b6b4a3f701b5baffbe,"{""arm"": ""lr2e5"", ""eligible"": false, ""step"": 22496, ""variant"": ""ema""}"
frozen_validation,monet_to_photo,kid,0.020495793707668783,computed,954a73c1d33845320461b06a63c2d5475ff4f6e73d7151b6b4a3f701b5baffbe,"{""arm"": ""lr2e5"", ""eligible"": false, ""step"": 22496, ""variant"": ""ema""}"
frozen_validation,equal_direction_mean,kid,0.01560034181457013,computed,954a73c1d33845320461b06a63c2d5475ff4f6e73d7151b6b4a3f701b5baffbe,"{""arm"": ""lr2e5"", ""eligible"": false, ""step"": 22496, ""variant"": ""ema""}"
study_training,lr5e5,completed_updates,44992,computed,,"{""applies_to"": ""full raw training arm; EMA is a paired parameter average, not a separate training run"", ""recorded_run"": ""evidence/study/arms/lr5e5""}"
study_training,lr5e5,completed_epoch_fraction,8.0,computed,,"{""applies_to"": ""full raw training arm; EMA is a paired parameter average, not a separate training run"", ""recorded_run"": ""evidence/study/arms/lr5e5""}"
study_training,lr5e5,training_seconds,4670.4814124973345,computed,,"{""applies_to"": ""full raw training arm; EMA is a paired parameter average, not a separate training run"", ""recorded_run"": ""evidence/study/arms/lr5e5""}"
study_training,lr5e5,training_source_images_per_second,19.26653637015226,computed,,"{""applies_to"": ""full raw training arm; EMA is a paired parameter average, not a separate training run"", ""recorded_run"": ""evidence/study/arms/lr5e5""}"
study_training,lr5e5,peak_gpu_memory_bytes,1668601856,computed,,"{""applies_to"": ""full raw training arm; EMA is a paired parameter average, not a separate training run"", ""recorded_run"": ""evidence/study/arms/lr5e5""}"
study_training,lr5e5,nan_events,0,computed,,"{""applies_to"": ""full raw training arm; EMA is a paired parameter average, not a separate training run"", ""recorded_run"": ""evidence/study/arms/lr5e5""}"
study_training,lr5e5,wrapper_invocation_wall_seconds,5435.394254900006,computed,,"{""applies_to"": ""full raw training arm; EMA is a paired parameter average, not a separate training run"", ""definition"": ""Sum of ended wrapper invocations; includes validation/setup, excludes idle gaps and later class/test/export"", ""recorded_run"": ""evidence/study/arms/lr5e5""}"
study_model,lr5e5,parameters_G_photo_to_monet,11378179,computed,,"{""applies_to"": ""full raw training arm; EMA is a paired parameter average, not a separate training run"", ""recorded_run"": ""evidence/study/arms/lr5e5""}"
study_model,lr5e5,parameters_G_monet_to_photo,11378179,computed,,"{""applies_to"": ""full raw training arm; EMA is a paired parameter average, not a separate training run"", ""recorded_run"": ""evidence/study/arms/lr5e5""}"
study_model,lr5e5,parameters_D_photo,2764737,computed,,"{""applies_to"": ""full raw training arm; EMA is a paired parameter average, not a separate training run"", ""recorded_run"": ""evidence/study/arms/lr5e5""}"
study_model,lr5e5,parameters_D_monet,2764737,computed,,"{""applies_to"": ""full raw training arm; EMA is a paired parameter average, not a separate training run"", ""recorded_run"": ""evidence/study/arms/lr5e5""}"
study_training,lr5e5,losses_gan_photo_to_monet_mean,0.7144672878236101,computed,,"{""applies_to"": ""full raw training arm; EMA is a paired parameter average, not a separate training run"", ""recorded_run"": ""evidence/study/arms/lr5e5""}"
study_training,lr5e5,losses_gan_photo_to_monet_final_update,1.1936309337615967,computed,,"{""applies_to"": ""full raw training arm; EMA is a paired parameter average, not a separate training run"", ""recorded_run"": ""evidence/study/arms/lr5e5""}"
study_training,lr5e5,losses_gan_monet_to_photo_mean,0.514115574986402,computed,,"{""applies_to"": ""full raw training arm; EMA is a paired parameter average, not a separate training run"", ""recorded_run"": ""evidence/study/arms/lr5e5""}"
study_training,lr5e5,losses_gan_monet_to_photo_final_update,0.6348936557769775,computed,,"{""applies_to"": ""full raw training arm; EMA is a paired parameter average, not a separate training run"", ""recorded_run"": ""evidence/study/arms/lr5e5""}"
study_training,lr5e5,losses_cycle_photo_l1_mean,0.0778267237990462,computed,,"{""applies_to"": ""full raw training arm; EMA is a paired parameter average, not a separate training run"", ""recorded_run"": ""evidence/study/arms/lr5e5""}"
study_training,lr5e5,losses_cycle_photo_l1_final_update,0.05656534433364868,computed,,"{""applies_to"": ""full raw training arm; EMA is a paired parameter average, not a separate training run"", ""recorded_run"": ""evidence/study/arms/lr5e5""}"
study_training,lr5e5,losses_cycle_monet_l1_mean,0.06148039580373806,computed,,"{""applies_to"": ""full raw training arm; EMA is a paired parameter average, not a separate training run"", ""recorded_run"": ""evidence/study/arms/lr5e5""}"
study_training,lr5e5,losses_cycle_monet_l1_final_update,0.0717257484793663,computed,,"{""applies_to"": ""full raw training arm; EMA is a paired parameter average, not a separate training run"", ""recorded_run"": ""evidence/study/arms/lr5e5""}"
study_training,lr5e5,losses_identity_photo_l1_mean,0.06366395369646285,computed,,"{""applies_to"": ""full raw training arm; EMA is a paired parameter average, not a separate training run"", ""recorded_run"": ""evidence/study/arms/lr5e5""}"
study_training,lr5e5,losses_identity_photo_l1_final_update,0.04701906442642212,computed,,"{""applies_to"": ""full raw training arm; EMA is a paired parameter average, not a separate training run"", ""recorded_run"": ""evidence/study/arms/lr5e5""}"
study_training,lr5e5,losses_identity_monet_l1_mean,0.04886465815246498,computed,,"{""applies_to"": ""full raw training arm; EMA is a paired parameter average, not a separate training run"", ""recorded_run"": ""evidence/study/arms/lr5e5""}"
study_training,lr5e5,losses_identity_monet_l1_final_update,0.05376598238945007,computed,,"{""applies_to"": ""full raw training arm; EMA is a paired parameter average, not a separate training run"", ""recorded_run"": ""evidence/study/arms/lr5e5""}"
study_training,lr5e5,losses_generator_total_mean,2.9029755925449674,computed,,"{""applies_to"": ""full raw training arm; EMA is a paired parameter average, not a separate training run"", ""recorded_run"": ""evidence/study/arms/lr5e5""}"
study_training,lr5e5,losses_generator_total_final_update,3.363398313522339,computed,,"{""applies_to"": ""full raw training arm; EMA is a paired parameter average, not a separate training run"", ""recorded_run"": ""evidence/study/arms/lr5e5""}"
study_training,lr5e5,losses_discriminator_photo_mean,0.13525795012614444,computed,,"{""applies_to"": ""full raw training arm; EMA is a paired parameter average, not a separate training run"", ""recorded_run"": ""evidence/study/arms/lr5e5""}"
study_training,lr5e5,losses_discriminator_photo_final_update,0.06895727664232254,computed,,"{""applies_to"": ""full raw training arm; EMA is a paired parameter average, not a separate training run"", ""recorded_run"": ""evidence/study/arms/lr5e5""}"
study_training,lr5e5,losses_discriminator_monet_mean,0.07540624001041712,computed,,"{""applies_to"": ""full raw training arm; EMA is a paired parameter average, not a separate training run"", ""recorded_run"": ""evidence/study/arms/lr5e5""}"
study_training,lr5e5,losses_discriminator_monet_final_update,0.036886148154735565,computed,,"{""applies_to"": ""full raw training arm; EMA is a paired parameter average, not a separate training run"", ""recorded_run"": ""evidence/study/arms/lr5e5""}"
study_training,lr5e5,gradient_norms_G_photo_to_monet_mean,27.66308042095447,computed,,"{""applies_to"": ""full raw training arm; EMA is a paired parameter average, not a separate training run"", ""recorded_run"": ""evidence/study/arms/lr5e5""}"
study_training,lr5e5,gradient_norms_G_photo_to_monet_final_update,30.236984252929688,computed,,"{""applies_to"": ""full raw training arm; EMA is a paired parameter average, not a separate training run"", ""recorded_run"": ""evidence/study/arms/lr5e5""}"
study_training,lr5e5,gradient_norms_G_monet_to_photo_mean,22.146439900502543,computed,,"{""applies_to"": ""full raw training arm; EMA is a paired parameter average, not a separate training run"", ""recorded_run"": ""evidence/study/arms/lr5e5""}"
study_training,lr5e5,gradient_norms_G_monet_to_photo_final_update,13.120323181152344,computed,,"{""applies_to"": ""full raw training arm; EMA is a paired parameter average, not a separate training run"", ""recorded_run"": ""evidence/study/arms/lr5e5""}"
study_training,lr5e5,gradient_norms_D_photo_mean,13.121107234893788,computed,,"{""applies_to"": ""full raw training arm; EMA is a paired parameter average, not a separate training run"", ""recorded_run"": ""evidence/study/arms/lr5e5""}"
study_training,lr5e5,gradient_norms_D_photo_final_update,8.313562393188477,computed,,"{""applies_to"": ""full raw training arm; EMA is a paired parameter average, not a separate training run"", ""recorded_run"": ""evidence/study/arms/lr5e5""}"
study_training,lr5e5,gradient_norms_D_monet_mean,9.141432404555221,computed,,"{""applies_to"": ""full raw training arm; EMA is a paired parameter average, not a separate training run"", ""recorded_run"": ""evidence/study/arms/lr5e5""}"
study_training,lr5e5,gradient_norms_D_monet_final_update,6.396772384643555,computed,,"{""applies_to"": ""full raw training arm; EMA is a paired parameter average, not a separate training run"", ""recorded_run"": ""evidence/study/arms/lr5e5""}"
study_hardware,lr5e5,captured_utc,"""2026-10-02T14:37:16.689958+00:00""",recorded,,"{""applies_to"": ""full raw training arm; EMA is a paired parameter average, not a separate training run"", ""recorded_run"": ""evidence/study/arms/lr5e5""}"
study_hardware,lr5e5,python,"""3.12.14""",recorded,,"{""applies_to"": ""full raw training arm; EMA is a paired parameter average, not a separate training run"", ""recorded_run"": ""evidence/study/arms/lr5e5""}"
study_hardware,lr5e5,platform,"""Windows-11-10.0.26200-SP0""",recorded,,"{""applies_to"": ""full raw training arm; EMA is a paired parameter average, not a separate training run"", ""recorded_run"": ""evidence/study/arms/lr5e5""}"
study_hardware,lr5e5,machine,"""AMD64""",recorded,,"{""applies_to"": ""full raw training arm; EMA is a paired parameter average, not a separate training run"", ""recorded_run"": ""evidence/study/arms/lr5e5""}"
study_hardware,lr5e5,packages,"{""Pillow"": ""12.3.0"", ""clean-fid"": ""0.1.35"", ""datasets"": ""5.0.1"", ""lpips"": ""0.1.4"", ""matplotlib"": ""3.11.2"", ""numpy"": ""2.5.3"", ""pandas"": ""3.0.6"", ""prdc"": ""0.2"", ""scikit-learn"": ""1.9.1"", ""scipy"": ""1.16.3"", ""torch"": ""2.11.0+cu128"", ""torchvision"": ""0.26.0+cu128""}",recorded,,"{""applies_to"": ""full raw training arm; EMA is a paired parameter average, not a separate training run"", ""recorded_run"": ""evidence/study/arms/lr5e5""}"
study_hardware,lr5e5,cuda_available,true,recorded,,"{""applies_to"": ""full raw training arm; EMA is a paired parameter average, not a separate training run"", ""recorded_run"": ""evidence/study/arms/lr5e5""}"
study_hardware,lr5e5,cuda_build,"""12.8""",recorded,,"{""applies_to"": ""full raw training arm; EMA is a paired parameter average, not a separate training run"", ""recorded_run"": ""evidence/study/arms/lr5e5""}"
study_hardware,lr5e5,cudnn,91900,recorded,,"{""applies_to"": ""full raw training arm; EMA is a paired parameter average, not a separate training run"", ""recorded_run"": ""evidence/study/arms/lr5e5""}"
study_hardware,lr5e5,gpus,"[{""compute_capability"": [12, 0], ""index"": 0, ""memory_bytes"": 34190458880, ""name"": ""NVIDIA GeForce RTX 5090""}]",recorded,,"{""applies_to"": ""full raw training arm; EMA is a paired parameter average, not a separate training run"", ""recorded_run"": ""evidence/study/arms/lr5e5""}"
study_hardware,lr5e5,mps_available,false,recorded,,"{""applies_to"": ""full raw training arm; EMA is a paired parameter average, not a separate training run"", ""recorded_run"": ""evidence/study/arms/lr5e5""}"
study_hardware,lr5e5,nvidia_smi,"""name, uuid, driver_version, memory.total [MiB]\nNVIDIA GeForce RTX 5090, GPU-68465984-5de9-5fbf-2036-6e4f23dd51f1, 610.60, 32607 MiB""",recorded,,"{""applies_to"": ""full raw training arm; EMA is a paired parameter average, not a separate training run"", ""recorded_run"": ""evidence/study/arms/lr5e5""}"
study_training,lr2e5,completed_updates,22496,computed,,"{""applies_to"": ""full raw training arm; EMA is a paired parameter average, not a separate training run"", ""recorded_run"": ""evidence/study/arms/lr2e5""}"
study_training,lr2e5,completed_epoch_fraction,4.0,computed,,"{""applies_to"": ""full raw training arm; EMA is a paired parameter average, not a separate training run"", ""recorded_run"": ""evidence/study/arms/lr2e5""}"
study_training,lr2e5,training_seconds,2301.0410835010407,computed,,"{""applies_to"": ""full raw training arm; EMA is a paired parameter average, not a separate training run"", ""recorded_run"": ""evidence/study/arms/lr2e5""}"
study_training,lr2e5,training_source_images_per_second,19.55288861315963,computed,,"{""applies_to"": ""full raw training arm; EMA is a paired parameter average, not a separate training run"", ""recorded_run"": ""evidence/study/arms/lr2e5""}"
study_training,lr2e5,peak_gpu_memory_bytes,1668601856,computed,,"{""applies_to"": ""full raw training arm; EMA is a paired parameter average, not a separate training run"", ""recorded_run"": ""evidence/study/arms/lr2e5""}"
study_training,lr2e5,nan_events,0,computed,,"{""applies_to"": ""full raw training arm; EMA is a paired parameter average, not a separate training run"", ""recorded_run"": ""evidence/study/arms/lr2e5""}"
study_training,lr2e5,wrapper_invocation_wall_seconds,2711.579232700009,computed,,"{""applies_to"": ""full raw training arm; EMA is a paired parameter average, not a separate training run"", ""definition"": ""Sum of ended wrapper invocations; includes validation/setup, excludes idle gaps and later class/test/export"", ""recorded_run"": ""evidence/study/arms/lr2e5""}"
study_model,lr2e5,parameters_G_photo_to_monet,11378179,computed,,"{""applies_to"": ""full raw training arm; EMA is a paired parameter average, not a separate training run"", ""recorded_run"": ""evidence/study/arms/lr2e5""}"
study_model,lr2e5,parameters_G_monet_to_photo,11378179,computed,,"{""applies_to"": ""full raw training arm; EMA is a paired parameter average, not a separate training run"", ""recorded_run"": ""evidence/study/arms/lr2e5""}"
study_model,lr2e5,parameters_D_photo,2764737,computed,,"{""applies_to"": ""full raw training arm; EMA is a paired parameter average, not a separate training run"", ""recorded_run"": ""evidence/study/arms/lr2e5""}"
study_model,lr2e5,parameters_D_monet,2764737,computed,,"{""applies_to"": ""full raw training arm; EMA is a paired parameter average, not a separate training run"", ""recorded_run"": ""evidence/study/arms/lr2e5""}"
study_training,lr2e5,losses_gan_photo_to_monet_mean,0.7430250422971437,computed,,"{""applies_to"": ""full raw training arm; EMA is a paired parameter average, not a separate training run"", ""recorded_run"": ""evidence/study/arms/lr2e5""}"
study_training,lr2e5,losses_gan_photo_to_monet_final_update,0.8737744092941284,computed,,"{""applies_to"": ""full raw training arm; EMA is a paired parameter average, not a separate training run"", ""recorded_run"": ""evidence/study/arms/lr2e5""}"
study_training,lr2e5,losses_gan_monet_to_photo_mean,0.5318163052647723,computed,,"{""applies_to"": ""full raw training arm; EMA is a paired parameter average, not a separate training run"", ""recorded_run"": ""evidence/study/arms/lr2e5""}"
study_training,lr2e5,losses_gan_monet_to_photo_final_update,0.5389775633811951,computed,,"{""applies_to"": ""full raw training arm; EMA is a paired parameter average, not a separate training run"", ""recorded_run"": ""evidence/study/arms/lr2e5""}"
study_training,lr2e5,losses_cycle_photo_l1_mean,0.07285832209001887,computed,,"{""applies_to"": ""full raw training arm; EMA is a paired parameter average, not a separate training run"", ""recorded_run"": ""evidence/study/arms/lr2e5""}"
study_training,lr2e5,losses_cycle_photo_l1_final_update,0.08881954848766327,computed,,"{""applies_to"": ""full raw training arm; EMA is a paired parameter average, not a separate training run"", ""recorded_run"": ""evidence/study/arms/lr2e5""}"
study_training,lr2e5,losses_cycle_monet_l1_mean,0.05929553385851786,computed,,"{""applies_to"": ""full raw training arm; EMA is a paired parameter average, not a separate training run"", ""recorded_run"": ""evidence/study/arms/lr2e5""}"
study_training,lr2e5,losses_cycle_monet_l1_final_update,0.03878997266292572,computed,,"{""applies_to"": ""full raw training arm; EMA is a paired parameter average, not a separate training run"", ""recorded_run"": ""evidence/study/arms/lr2e5""}"
study_training,lr2e5,losses_identity_photo_l1_mean,0.060448972493655856,computed,,"{""applies_to"": ""full raw training arm; EMA is a paired parameter average, not a separate training run"", ""recorded_run"": ""evidence/study/arms/lr2e5""}"
study_training,lr2e5,losses_identity_photo_l1_final_update,0.057500988245010376,computed,,"{""applies_to"": ""full raw training arm; EMA is a paired parameter average, not a separate training run"", ""recorded_run"": ""evidence/study/arms/lr2e5""}"
study_training,lr2e5,losses_identity_monet_l1_mean,0.04594340857926817,computed,,"{""applies_to"": ""full raw training arm; EMA is a paired parameter average, not a separate training run"", ""recorded_run"": ""evidence/study/arms/lr2e5""}"
study_training,lr2e5,losses_identity_monet_l1_final_update,0.03714625537395477,computed,,"{""applies_to"": ""full raw training arm; EMA is a paired parameter average, not a separate training run"", ""recorded_run"": ""evidence/study/arms/lr2e5""}"
study_training,lr2e5,losses_generator_total_mean,2.8623608633462516,computed,,"{""applies_to"": ""full raw training arm; EMA is a paired parameter average, not a separate training run"", ""recorded_run"": ""evidence/study/arms/lr2e5""}"
study_training,lr2e5,losses_generator_total_final_update,2.9254651069641113,computed,,"{""applies_to"": ""full raw training arm; EMA is a paired parameter average, not a separate training run"", ""recorded_run"": ""evidence/study/arms/lr2e5""}"
study_training,lr2e5,losses_discriminator_photo_mean,0.1327365622681845,computed,,"{""applies_to"": ""full raw training arm; EMA is a paired parameter average, not a separate training run"", ""recorded_run"": ""evidence/study/arms/lr2e5""}"
study_training,lr2e5,losses_discriminator_photo_final_update,0.10539787262678146,computed,,"{""applies_to"": ""full raw training arm; EMA is a paired parameter average, not a separate training run"", ""recorded_run"": ""evidence/study/arms/lr2e5""}"
study_training,lr2e5,losses_discriminator_monet_mean,0.06980543246672914,computed,,"{""applies_to"": ""full raw training arm; EMA is a paired parameter average, not a separate training run"", ""recorded_run"": ""evidence/study/arms/lr2e5""}"
study_training,lr2e5,losses_discriminator_monet_final_update,0.03119692951440811,computed,,"{""applies_to"": ""full raw training arm; EMA is a paired parameter average, not a separate training run"", ""recorded_run"": ""evidence/study/arms/lr2e5""}"
study_training,lr2e5,gradient_norms_G_photo_to_monet_mean,28.593764023158492,computed,,"{""applies_to"": ""full raw training arm; EMA is a paired parameter average, not a separate training run"", ""recorded_run"": ""evidence/study/arms/lr2e5""}"
study_training,lr2e5,gradient_norms_G_photo_to_monet_final_update,21.306047439575195,computed,,"{""applies_to"": ""full raw training arm; EMA is a paired parameter average, not a separate training run"", ""recorded_run"": ""evidence/study/arms/lr2e5""}"
study_training,lr2e5,gradient_norms_G_monet_to_photo_mean,21.017118854954266,computed,,"{""applies_to"": ""full raw training arm; EMA is a paired parameter average, not a separate training run"", ""recorded_run"": ""evidence/study/arms/lr2e5""}"
study_training,lr2e5,gradient_norms_G_monet_to_photo_final_update,17.305740356445312,computed,,"{""applies_to"": ""full raw training arm; EMA is a paired parameter average, not a separate training run"", ""recorded_run"": ""evidence/study/arms/lr2e5""}"
study_training,lr2e5,gradient_norms_D_photo_mean,13.926561077386353,computed,,"{""applies_to"": ""full raw training arm; EMA is a paired parameter average, not a separate training run"", ""recorded_run"": ""evidence/study/arms/lr2e5""}"
study_training,lr2e5,gradient_norms_D_photo_final_update,10.898421287536621,computed,,"{""applies_to"": ""full raw training arm; EMA is a paired parameter average, not a separate training run"", ""recorded_run"": ""evidence/study/arms/lr2e5""}"
study_training,lr2e5,gradient_norms_D_monet_mean,9.36307777756372,computed,,"{""applies_to"": ""full raw training arm; EMA is a paired parameter average, not a separate training run"", ""recorded_run"": ""evidence/study/arms/lr2e5""}"
study_training,lr2e5,gradient_norms_D_monet_final_update,4.498996257781982,computed,,"{""applies_to"": ""full raw training arm; EMA is a paired parameter average, not a separate training run"", ""recorded_run"": ""evidence/study/arms/lr2e5""}"
study_hardware,lr2e5,captured_utc,"""2026-10-02T16:06:15.109023+00:00""",recorded,,"{""applies_to"": ""full raw training arm; EMA is a paired parameter average, not a separate training run"", ""recorded_run"": ""evidence/study/arms/lr2e5""}"
study_hardware,lr2e5,python,"""3.12.14""",recorded,,"{""applies_to"": ""full raw training arm; EMA is a paired parameter average, not a separate training run"", ""recorded_run"": ""evidence/study/arms/lr2e5""}"
study_hardware,lr2e5,platform,"""Windows-11-10.0.26200-SP0""",recorded,,"{""applies_to"": ""full raw training arm; EMA is a paired parameter average, not a separate training run"", ""recorded_run"": ""evidence/study/arms/lr2e5""}"
study_hardware,lr2e5,machine,"""AMD64""",recorded,,"{""applies_to"": ""full raw training arm; EMA is a paired parameter average, not a separate training run"", ""recorded_run"": ""evidence/study/arms/lr2e5""}"
study_hardware,lr2e5,packages,"{""Pillow"": ""12.3.0"", ""clean-fid"": ""0.1.35"", ""datasets"": ""5.0.1"", ""lpips"": ""0.1.4"", ""matplotlib"": ""3.11.2"", ""numpy"": ""2.5.3"", ""pandas"": ""3.0.6"", ""prdc"": ""0.2"", ""scikit-learn"": ""1.9.1"", ""scipy"": ""1.16.3"", ""torch"": ""2.11.0+cu128"", ""torchvision"": ""0.26.0+cu128""}",recorded,,"{""applies_to"": ""full raw training arm; EMA is a paired parameter average, not a separate training run"", ""recorded_run"": ""evidence/study/arms/lr2e5""}"
study_hardware,lr2e5,cuda_available,true,recorded,,"{""applies_to"": ""full raw training arm; EMA is a paired parameter average, not a separate training run"", ""recorded_run"": ""evidence/study/arms/lr2e5""}"
study_hardware,lr2e5,cuda_build,"""12.8""",recorded,,"{""applies_to"": ""full raw training arm; EMA is a paired parameter average, not a separate training run"", ""recorded_run"": ""evidence/study/arms/lr2e5""}"
study_hardware,lr2e5,cudnn,91900,recorded,,"{""applies_to"": ""full raw training arm; EMA is a paired parameter average, not a separate training run"", ""recorded_run"": ""evidence/study/arms/lr2e5""}"
study_hardware,lr2e5,gpus,"[{""compute_capability"": [12, 0], ""index"": 0, ""memory_bytes"": 34190458880, ""name"": ""NVIDIA GeForce RTX 5090""}]",recorded,,"{""applies_to"": ""full raw training arm; EMA is a paired parameter average, not a separate training run"", ""recorded_run"": ""evidence/study/arms/lr2e5""}"
study_hardware,lr2e5,mps_available,false,recorded,,"{""applies_to"": ""full raw training arm; EMA is a paired parameter average, not a separate training run"", ""recorded_run"": ""evidence/study/arms/lr2e5""}"
study_hardware,lr2e5,nvidia_smi,"""name, uuid, driver_version, memory.total [MiB]\nNVIDIA GeForce RTX 5090, GPU-68465984-5de9-5fbf-2036-6e4f23dd51f1, 610.60, 32607 MiB""",recorded,,"{""applies_to"": ""full raw training arm; EMA is a paired parameter average, not a separate training run"", ""recorded_run"": ""evidence/study/arms/lr2e5""}"
human_audit,photo_to_monet,style_mean_score,,pending,0c2eab37c42062bbd7b3b2c5c5c097adc949535ff77a9f805ad89842f6f8073b,"{""reason"": ""Two independent final-model human ratings required""}"
human_audit,photo_to_monet,style_percent_agreement,,pending,0c2eab37c42062bbd7b3b2c5c5c097adc949535ff77a9f805ad89842f6f8073b,"{""reason"": ""Two independent final-model human ratings required""}"
human_audit,photo_to_monet,style_quadratic_weighted_kappa,,pending,0c2eab37c42062bbd7b3b2c5c5c097adc949535ff77a9f805ad89842f6f8073b,"{""reason"": ""Two independent final-model human ratings required""}"
human_audit,photo_to_monet,content_mean_score,,pending,0c2eab37c42062bbd7b3b2c5c5c097adc949535ff77a9f805ad89842f6f8073b,"{""reason"": ""Two independent final-model human ratings required""}"
human_audit,photo_to_monet,content_percent_agreement,,pending,0c2eab37c42062bbd7b3b2c5c5c097adc949535ff77a9f805ad89842f6f8073b,"{""reason"": ""Two independent final-model human ratings required""}"
human_audit,photo_to_monet,content_quadratic_weighted_kappa,,pending,0c2eab37c42062bbd7b3b2c5c5c097adc949535ff77a9f805ad89842f6f8073b,"{""reason"": ""Two independent final-model human ratings required""}"
human_audit,photo_to_monet,artifacts_mean_score,,pending,0c2eab37c42062bbd7b3b2c5c5c097adc949535ff77a9f805ad89842f6f8073b,"{""reason"": ""Two independent final-model human ratings required""}"
human_audit,photo_to_monet,artifacts_percent_agreement,,pending,0c2eab37c42062bbd7b3b2c5c5c097adc949535ff77a9f805ad89842f6f8073b,"{""reason"": ""Two independent final-model human ratings required""}"
human_audit,photo_to_monet,artifacts_quadratic_weighted_kappa,,pending,0c2eab37c42062bbd7b3b2c5c5c097adc949535ff77a9f805ad89842f6f8073b,"{""reason"": ""Two independent final-model human ratings required""}"
human_audit,monet_to_photo,style_mean_score,,pending,0c2eab37c42062bbd7b3b2c5c5c097adc949535ff77a9f805ad89842f6f8073b,"{""reason"": ""Two independent final-model human ratings required""}"
human_audit,monet_to_photo,style_percent_agreement,,pending,0c2eab37c42062bbd7b3b2c5c5c097adc949535ff77a9f805ad89842f6f8073b,"{""reason"": ""Two independent final-model human ratings required""}"
human_audit,monet_to_photo,style_quadratic_weighted_kappa,,pending,0c2eab37c42062bbd7b3b2c5c5c097adc949535ff77a9f805ad89842f6f8073b,"{""reason"": ""Two independent final-model human ratings required""}"
human_audit,monet_to_photo,content_mean_score,,pending,0c2eab37c42062bbd7b3b2c5c5c097adc949535ff77a9f805ad89842f6f8073b,"{""reason"": ""Two independent final-model human ratings required""}"
human_audit,monet_to_photo,content_percent_agreement,,pending,0c2eab37c42062bbd7b3b2c5c5c097adc949535ff77a9f805ad89842f6f8073b,"{""reason"": ""Two independent final-model human ratings required""}"
human_audit,monet_to_photo,content_quadratic_weighted_kappa,,pending,0c2eab37c42062bbd7b3b2c5c5c097adc949535ff77a9f805ad89842f6f8073b,"{""reason"": ""Two independent final-model human ratings required""}"
human_audit,monet_to_photo,artifacts_mean_score,,pending,0c2eab37c42062bbd7b3b2c5c5c097adc949535ff77a9f805ad89842f6f8073b,"{""reason"": ""Two independent final-model human ratings required""}"
human_audit,monet_to_photo,artifacts_percent_agreement,,pending,0c2eab37c42062bbd7b3b2c5c5c097adc949535ff77a9f805ad89842f6f8073b,"{""reason"": ""Two independent final-model human ratings required""}"
human_audit,monet_to_photo,artifacts_quadratic_weighted_kappa,,pending,0c2eab37c42062bbd7b3b2c5c5c097adc949535ff77a9f805ad89842f6f8073b,"{""reason"": ""Two independent final-model human ratings required""}"
kaggle,both,official_rank,,pending,0c2eab37c42062bbd7b3b2c5c5c097adc949535ff77a9f805ad89842f6f8073b,"{""reason"": ""No upload or official score is claimed""}"
kaggle,both,public_score,,pending,0c2eab37c42062bbd7b3b2c5c5c097adc949535ff77a9f805ad89842f6f8073b,"{""reason"": ""No upload or official score is claimed""}"
kaggle,both,private_score,,pending,0c2eab37c42062bbd7b3b2c5c5c097adc949535ff77a9f805ad89842f6f8073b,"{""reason"": ""No upload or official score is claimed""}"
