example_id,model,checkpoint_sha256,source_text_sha256,human_packet_sha256,review_group,true_label,predicted_label,positive_probability,original_token_length,oov_rate,has_negation,ai_draft_error_type,ai_draft_evidence_quotes,ai_draft_reason,ai_draft_testable_fix,ai_draft_status
yelp:test:29330,bilstm,0758cbe7405758fe6f99079f02fd3359aa1367d120cdd984c361c03a34fd54ba,b12a70fa48e2b113ace0b8df94bcdf3641c59881730bc0e10d914ba983ecd36f,244b371afe8749811efbd44605c9ef2cc28e89e5c1e1f255d6c6568e3449a97f,confident_false_positive,0,1,0.9999957084655762,23,0.0,False,Possible text-label mismatch,"[""Wow love the place"", ""worth a try!""]","The review praises the place, cleanliness and atmosphere, while its official label is negative. The prediction disagrees with the label, but the visible text does not clearly explain why. The label is retained.",Audit a fixed training/validation sample for rating-text disagreement with independent annotators; compare validation results before and after correcting confirmed training-label issues.,AI_ASSISTED_NOT_STUDENT_REVIEW
yelp:test:17407,bilstm,0758cbe7405758fe6f99079f02fd3359aa1367d120cdd984c361c03a34fd54ba,34e08e9945020451fc394852046010313ba630745f720525bd356f226ded8958,244b371afe8749811efbd44605c9ef2cc28e89e5c1e1f255d6c6568e3449a97f,confident_false_positive,0,1,0.999929428100586,453,0.0198675496688741,True,Mixed visits and possible context loss,"[""It was fantastic."", ""SOOOOOO TINY."", ""Bad place for someone who hasn't eaten""]","Praise for the first visit contrasts with disappointment about the new menu and small portions. The review exceeds the 384-token limit, so some later criticism may be omitted. Early praise could also outweigh the complaints.","Compare the first 384 tokens with 192 opening plus 192 closing tokens, using the same training setup and long-review validation slice.",AI_ASSISTED_NOT_STUDENT_REVIEW
yelp:test:9706,bilstm,0758cbe7405758fe6f99079f02fd3359aa1367d120cdd984c361c03a34fd54ba,8c0220202e3067c581c082c3a01eaac420f3ea78f65b557bc8323070a5446df0,244b371afe8749811efbd44605c9ef2cc28e89e5c1e1f255d6c6568e3449a97f,confident_false_positive,0,1,0.9999003410339355,164,0.0060975609756097,True,Mixed aspects and qualified praise,"[""very beautiful"", ""my feet are still hurting"", ""if someone else was paying the bill""]","The rooms and staff receive praise, but navigation, convenience and value receive criticism. The writer would return only if someone else paid. The whole processed review fits the input limit, so truncation is not the issue here.","Compare mean pooling with the current max pooling, keeping the BiLSTM unchanged, and measure macro-F1 on mixed-review validation examples.",AI_ASSISTED_NOT_STUDENT_REVIEW
yelp:test:4655,bilstm,0758cbe7405758fe6f99079f02fd3359aa1367d120cdd984c361c03a34fd54ba,f672085973657bcfdbdf6945df9f31e469c04b6aa365b858dacd0ebc7fd3a555,244b371afe8749811efbd44605c9ef2cc28e89e5c1e1f255d6c6568e3449a97f,confident_false_positive,0,1,0.9998877048492432,34,0.0,False,Mixed sentiment and possible irony,"[""good drink selection."", ""bad: the parking and the crowd."", ""totally the coolest place, like, ever.""]","The review lists both good and bad points and then mocks the crowd. Literal positive phrases may outweigh the complaints. The degree of irony is uncertain, so this example does not establish a general sarcasm weakness.",Add labeled good/bad contrast examples from training data and compare performance on a separate mixed-sentiment validation slice.,AI_ASSISTED_NOT_STUDENT_REVIEW
yelp:test:5752,bilstm,0758cbe7405758fe6f99079f02fd3359aa1367d120cdd984c361c03a34fd54ba,3ee0ca7ac62737a81b0cb91067a7199351dd9bf85d72ac687f67b83432065305,244b371afe8749811efbd44605c9ef2cc28e89e5c1e1f255d6c6568e3449a97f,confident_false_positive,0,1,0.9998341798782348,260,0.0115384615384615,True,Updated opinion versus old praise,"[""This was a 4-star review"", ""have gone down the tubes"", ""All wonderful.""]","The opening note says food and service have declined, while most of the body describes an earlier positive visit. The input is not truncated. The positive prediction may give too much weight to the older praise.",Add training examples with explicit review updates and evaluate the retrained model on a fixed validation subset containing updates.,AI_ASSISTED_NOT_STUDENT_REVIEW
yelp:test:21215,bilstm,0758cbe7405758fe6f99079f02fd3359aa1367d120cdd984c361c03a34fd54ba,db3b88ac0c805e2fd3150b2e1799fcc9c38e525b171581352911fc75b027e7d3,244b371afe8749811efbd44605c9ef2cc28e89e5c1e1f255d6c6568e3449a97f,confident_false_negative,1,0,2.971034700749442e-05,100,0.0,True,Wrong sentiment target,"[""they completely took advantage of her"", ""the bartender was very cordial"", ""do the right thing""]","The writer criticizes disruptive parents, not the business. The bartender is praised for handling the situation responsibly. The model may be treating negative language about customers as negative sentiment toward the bar.",Add labeled third-party complaint examples to training and compare validation errors where criticism targets people other than the business.,AI_ASSISTED_NOT_STUDENT_REVIEW
yelp:test:22807,bilstm,0758cbe7405758fe6f99079f02fd3359aa1367d120cdd984c361c03a34fd54ba,f6fd4ab7d1852f69497e79526b131a3b6ec611e11254859ff2fd429f8ffc464f,244b371afe8749811efbd44605c9ef2cc28e89e5c1e1f255d6c6568e3449a97f,confident_false_negative,1,0,4.22961893491447e-05,60,0.0,True,Ambiguous review update,"[""They really did change the service up"", ""Horrible service."", ""disrespect your paying customers""]","The opening edit mentions changed service, but the older body remains strongly negative. The edit does not clearly say whether service improved. A later rating or missing context could explain the positive label; neither is confirmed.",Label update direction in a separate training/validation sample and test whether retaining explicit update markers improves validation macro-F1.,AI_ASSISTED_NOT_STUDENT_REVIEW
yelp:test:264,bilstm,0758cbe7405758fe6f99079f02fd3359aa1367d120cdd984c361c03a34fd54ba,4900f64b25cd8fcb3383f15269bccf2b8203d35bf48211913cdb4065ee23677d,244b371afe8749811efbd44605c9ef2cc28e89e5c1e1f255d6c6568e3449a97f,confident_false_negative,1,0,8.918725507101044e-05,28,0.0,True,Restaurant versus listing complaint,"[""I like Applebee's"", ""something Yelp does"", ""But not cool!""]",The writer likes the restaurant but criticizes an inaccurate delivery listing that may come from Yelp. The negative prediction may reflect the listing complaint instead of the restaurant opinion. The intended label target is not fully clear.,Add training examples separating platform complaints from restaurant opinions and measure validation errors on that distinction.,AI_ASSISTED_NOT_STUDENT_REVIEW
yelp:test:10845,bilstm,0758cbe7405758fe6f99079f02fd3359aa1367d120cdd984c361c03a34fd54ba,d495d8dd70234ff053951269b7023b3bc11d4660a8c6746d0b2baf72a9b90da8,244b371afe8749811efbd44605c9ef2cc28e89e5c1e1f255d6c6568e3449a97f,confident_false_negative,1,0,0.0001140419844887,13,0.0,True,Hyperbole and unclear overall rating,"[""really pissed"", ""fresh baked pecan chocolate chip cookies"", ""someone needs to be shot for this.""]","The writer strongly complains about discontinued cookies. This also suggests liking the cookies, but the text does not state an overall positive judgment. Hyperbole or missing rating context might explain the positive label.","Use independently labeled hyperbolic training examples, then compare macro-F1 on a fixed validation subset with similar figurative complaints.",AI_ASSISTED_NOT_STUDENT_REVIEW
yelp:test:26683,bilstm,0758cbe7405758fe6f99079f02fd3359aa1367d120cdd984c361c03a34fd54ba,6114554547e9902d6f2bd83baab20072d2be29638dc5140a5a4cf7fc309622ec,244b371afe8749811efbd44605c9ef2cc28e89e5c1e1f255d6c6568e3449a97f,confident_false_negative,1,0,0.0001156649523181,17,0.0,True,Concession and negated low rating,"[""despite still not digging their ordering process"", ""their food is just too good"", ""disrespect with a 2 star review""]","The writer dislikes the ordering process but says the food is too good for a low rating. Negative words appear inside a positive conclusion. Negation is already retained in preprocessing, so removing negation is not the explanation.","Add training-only contrast pairs with concessive and negated-rating phrases, then evaluate a separate validation set of these constructions.",AI_ASSISTED_NOT_STUDENT_REVIEW
yelp:test:27612,bilstm,0758cbe7405758fe6f99079f02fd3359aa1367d120cdd984c361c03a34fd54ba,b6a90b8e73684bf63da159d4cecbe41ceacfbe38d7eb350816f7c3fde02861d4,244b371afe8749811efbd44605c9ef2cc28e89e5c1e1f255d6c6568e3449a97f,near_threshold,0,1,0.5001907348632812,44,0.0454545454545454,True,Mixed aspects near the threshold,"[""Terrible experience this time!"", ""Very disappointed."", ""'slice of bacon from heaven' was truly from heaven""]","The meal and service are criticized, with one strong exception for the bacon. The positive probability is almost 0.5, indicating an uncertain decision between conflicting aspects rather than a confident reading of the whole review.","Compare mean and max pooling on the same BiLSTM, selecting by validation macro-F1 for mixed reviews without changing the threshold from test errors.",AI_ASSISTED_NOT_STUDENT_REVIEW
yelp:test:28852,bilstm,0758cbe7405758fe6f99079f02fd3359aa1367d120cdd984c361c03a34fd54ba,5ee277a5df57791f64e7afded83cab6eaf8c8a5ec75e9f5f127801fea64529cc,244b371afe8749811efbd44605c9ef2cc28e89e5c1e1f255d6c6568e3449a97f,near_threshold,1,0,0.4997293055057525,5,0.0,False,Short idiomatic praise,"[""Try it it's like mom used to make""]","The recommendation praises the food through a home-cooking comparison. Very few processed words provide context, and the probability is just below 0.5. The model may not consistently recognize this type of indirect praise.",Add training-only paraphrases of short idiomatic recommendations and compare macro-F1 on the unchanged short-review validation slice.,AI_ASSISTED_NOT_STUDENT_REVIEW
yelp:test:28068,bilstm,0758cbe7405758fe6f99079f02fd3359aa1367d120cdd984c361c03a34fd54ba,6b4de8ce266aefcc82071eb32020407e7de4e6ebe506c7c81842a61d73ccdb97,244b371afe8749811efbd44605c9ef2cc28e89e5c1e1f255d6c6568e3449a97f,near_threshold,0,1,0.5006440877914429,39,0.0256410256410256,True,Colloquial mixed sentiment,"[""The inside is amazing!!!!"", ""@#$%& them for their cover"", ""For a reason.""]","Praise for the interior and drinks is mixed with criticism of the cover charge, payment arrangements and crowd. The slightly positive prediction may miss the overall negative balance. Removed punctuation could affect emphasis, but this is untested.",Add labeled colloquial mixed reviews to training and compare validation macro-F1 while keeping preprocessing and the decision threshold fixed.,AI_ASSISTED_NOT_STUDENT_REVIEW
yelp:test:23782,bilstm,0758cbe7405758fe6f99079f02fd3359aa1367d120cdd984c361c03a34fd54ba,397f620eed4e45c41f575607819850af5be4c4e5daa08246ba3c91adad880e3a,244b371afe8749811efbd44605c9ef2cc28e89e5c1e1f255d6c6568e3449a97f,near_threshold,1,0,0.4987019598484039,121,0.024793388429752,False,Improvement across visits,"[""the last two have been exceptional."", ""bland and unremarkable."", ""I'd happily recommend Lobby's""]",An initially bad sandwich experience is followed by two excellent burger visits and a recommendation. The complete processed review fits the input limit. The model may not give enough weight to the more recent positive experiences.,"Add training contrast pairs in which a later visit changes the earlier opinion, then evaluate a separate temporal-update validation slice.",AI_ASSISTED_NOT_STUDENT_REVIEW
yelp:test:19527,bilstm,0758cbe7405758fe6f99079f02fd3359aa1367d120cdd984c361c03a34fd54ba,321e3b6811bf4c70506027f99658841fbf94935553dd846a5df4a6d3f59429d0,244b371afe8749811efbd44605c9ef2cc28e89e5c1e1f255d6c6568e3449a97f,near_threshold,1,0,0.498507559299469,17,0.0,False,Restrained praise near the threshold,"[""Simple, well prepared food."", ""Good atmosphere, good service."", ""Heavier and more traditional""]","The review praises food, atmosphere and service, then makes a neutral comparison with another meal. The probability is just below 0.5. The descriptive words may be difficult to balance against the short positive statements.",Add positive training examples containing neutral comparisons and measure macro-F1 on a fixed short-review validation slice.,AI_ASSISTED_NOT_STUDENT_REVIEW
yelp:test:10081,bilstm,0758cbe7405758fe6f99079f02fd3359aa1367d120cdd984c361c03a34fd54ba,2ce7c3fd0beb124e58b959ccccc7490a0272114551222f09e1e520ce16098144,244b371afe8749811efbd44605c9ef2cc28e89e5c1e1f255d6c6568e3449a97f,long_review_slice,1,0,0.0396833568811416,581,0.0017211703958691,True,Long positive guide with warnings,"[""I don't have a single complaint"", ""You can still get a quality room"", ""everybody is happy""]","The writer recommends the hotel but includes many warnings about rooms, queues and expectations. The review exceeds the input limit. Those warnings and omitted later context may contribute, although the opening already states satisfaction.",Compare the current prefix with an equal-size head-and-tail input and evaluate the existing long-review validation slice.,AI_ASSISTED_NOT_STUDENT_REVIEW
yelp:test:4664,bilstm,0758cbe7405758fe6f99079f02fd3359aa1367d120cdd984c361c03a34fd54ba,c5e5f33ce4c8e9d0da81e1eebad059f752a408b6440493af43f60d70e10a720a,244b371afe8749811efbd44605c9ef2cc28e89e5c1e1f255d6c6568e3449a97f,long_review_slice,0,1,0.930167317390442,570,0.0105263157894736,True,Long review with a worsening second visit,"[""Great food, cheap beer, attentive service"", ""Zero stars."", ""you'll want to go somewhere else.""]","A very positive first visit is followed by poor service and a negative final recommendation. The review exceeds the input limit, so the later verdict may be partly omitted while much of the early praise remains.","Compare 384-token prefix and head-and-tail inputs under the same training settings, reporting overall and long-review validation macro-F1.",AI_ASSISTED_NOT_STUDENT_REVIEW
yelp:test:9911,bilstm,0758cbe7405758fe6f99079f02fd3359aa1367d120cdd984c361c03a34fd54ba,dbe6536d59b6d8799a267f3ba4512033f319efbd8b7cc290363d872b20e297de,244b371afe8749811efbd44605c9ef2cc28e89e5c1e1f255d6c6568e3449a97f,long_review_slice,1,0,0.0022012502886354,563,0.0159857904085257,True,Long mixed review with a positive ending,"[""The tables here are cursed"", ""These people really made our trip memorable"", ""I'm giving this place 4 stars""]","The writer lists several complaints but later praises staff, housekeeping and room service, ending with four stars. The review exceeds the input limit. Missing some later positive context is one possible cause of the negative prediction.","Test an equal-length head-and-tail representation against the prefix, using validation macro-F1 for long reviews to select the approach.",AI_ASSISTED_NOT_STUDENT_REVIEW
yelp:test:9919,bilstm,0758cbe7405758fe6f99079f02fd3359aa1367d120cdd984c361c03a34fd54ba,889bc9a2e7550c4a9679706baed1d9e1eaf4cfe97d5b12f5d815f76883e14ff8,244b371afe8749811efbd44605c9ef2cc28e89e5c1e1f255d6c6568e3449a97f,long_review_slice,1,0,0.0379344448447227,536,0.0223880597014925,True,Long review with a service-based reversal,"[""Do I have complaints?  PLENTY."", ""great treatment of dumbass me merited another star"", ""THAT'S SERVICE.""]","Hotel complaints are offset by appreciation for help after an injury. Some later detail may be truncated, but the first sentence already mentions the higher rating. Both context loss and mixed-sentiment weighting could matter.","Compare head-and-tail and prefix inputs on the same training split, then inspect the predefined long-review validation results.",AI_ASSISTED_NOT_STUDENT_REVIEW
yelp:test:26052,bilstm,0758cbe7405758fe6f99079f02fd3359aa1367d120cdd984c361c03a34fd54ba,90d9b4e8e19b9df778318588cf5382ae3bea0d90cbd3ab019a28db87ffdc8877,244b371afe8749811efbd44605c9ef2cc28e89e5c1e1f255d6c6568e3449a97f,long_review_slice,1,0,0.0356737673282623,461,0.0650759219088937,True,Ironic setup followed by a recommendation,"[""we need another burger joint, like earth needs global warming"", ""Zinburger's best, by far"", ""i'm giving it to Zin""]",A long poem criticizes the number of burger restaurants before recommending this particular one. The review exceeds the input limit and uses unusual wording. The ironic setup and possible loss of the final recommendation may both contribute.,"Compare equal-length prefix and head-and-tail inputs on training/validation data, with a separately labeled long ironic-review validation slice.",AI_ASSISTED_NOT_STUDENT_REVIEW
