run_id,checkpoint,scope,metric,value,status,source
vast_256_seed3143_v1,epoch_190,fixed_300_photo_selection,FID,103.87740773392176,selected,checkpoint_selection.csv
vast_256_seed3143_v1,epoch_200,fixed_300_photo_selection,FID,104.72836129071194,not_selected,checkpoint_selection.csv
vast_256_seed3143_v1,epoch_190,all_7038_photo_outputs,FID,88.25302496317252,local_diagnostic,kaggle_metrics_local.json
vast_256_seed3143_v1,epoch_190,all_7038_photo_outputs,MiFID,88.25302496317252,local_rule_unconfirmed,kaggle_metrics_local.json
vast_256_seed3143_v1,epoch_190,kaggle_submission_csv,FID,107.21183928701066,submitted,submission.csv
vast_256_seed3143_v1,epoch_190,kaggle_submission_csv,MiFID,0.41853196918964386,submitted,submission.csv
vast_256_seed3143_v1,epoch_190,kaggle_submission_csv,composite,53.81518562810015,derived_from_submitted_row,submission.csv
vast_256_seed3143_v1,epoch_190,kaggle_leaderboard,score,-53.8151,user_reported,kaggle_result.json
vast_256_seed3143_v1,epoch_190,A2B_Monet_to_Photo,FID_subset,102.99267777093371,measured,directional_metrics.csv
vast_256_seed3143_v1,epoch_190,A2B_Monet_to_Photo,KID_mean,0.01980525371123647,measured,directional_metrics.csv
vast_256_seed3143_v1,epoch_190,A2B_Monet_to_Photo,generative_precision,0.6433333333333333,measured,directional_metrics.csv
vast_256_seed3143_v1,epoch_190,A2B_Monet_to_Photo,generative_recall,0.17666666666666667,measured,directional_metrics.csv
vast_256_seed3143_v1,epoch_190,A2B_Monet_to_Photo,cycle_L1,0.08263944058368604,measured,directional_metrics.csv
vast_256_seed3143_v1,epoch_190,A2B_Monet_to_Photo,LPIPS_input_vs_translation,0.29781510276099044,measured,directional_metrics.csv
vast_256_seed3143_v1,epoch_190,A2B_Monet_to_Photo,content_cosine,0.8588930659314739,measured,directional_metrics.csv
vast_256_seed3143_v1,epoch_190,B2A_Photo_to_Monet,FID_subset,103.39417673965659,measured,directional_metrics.csv
vast_256_seed3143_v1,epoch_190,B2A_Photo_to_Monet,KID_mean,0.013112496853528045,measured,directional_metrics.csv
vast_256_seed3143_v1,epoch_190,B2A_Photo_to_Monet,generative_precision,0.4866666666666667,measured,directional_metrics.csv
vast_256_seed3143_v1,epoch_190,B2A_Photo_to_Monet,generative_recall,0.45666666666666667,measured,directional_metrics.csv
vast_256_seed3143_v1,epoch_190,B2A_Photo_to_Monet,cycle_L1,0.10519049971053998,measured,directional_metrics.csv
vast_256_seed3143_v1,epoch_190,B2A_Photo_to_Monet,LPIPS_input_vs_translation,0.3923218834896882,measured,directional_metrics.csv
vast_256_seed3143_v1,epoch_190,B2A_Photo_to_Monet,content_cosine,0.8028584316958591,measured,directional_metrics.csv
vast_256_seed3143_v1,epoch_200,training,training_pairs_per_sec,10.10203933849272,measured,metrics.json
vast_256_seed3143_v1,epoch_200,training,peak_memory_mb,9088.51611328125,measured,metrics.json
vast_256_seed3143_v1,epoch_200,training,nan_inf_loss_count,0,measured,metrics.json
vast_256_seed3143_v1,epoch_190,human_audit,status,PENDING_TWO_RATERS,pending,human_audit_summary.json
