epoch,train_loss,validation_loss,next_char_accuracy,gradient_norm,learning_rate,epoch_time_sec
1,1.7199914823913574,1.0130043522834777,0.68475546875,1.818156386033816,0.00017151083081985192,111.06188320100046
2,0.9020107359313965,0.7803753666877746,0.753876953125,0.6821539891801502,0.0002999615020241545,109.98706525600028
3,0.7589949015903473,0.7103433536529541,0.774046484375,0.3961268231101091,0.0002990386241657408,110.23917272300059
4,0.6992181634902954,0.679899430179596,0.784158203125,0.3394003866558569,0.0002968932463557299,111.63139242700163
5,0.66360620885849,0.6595575462341309,0.790567578125,0.31654732136660024,0.0002935445071711824,108.69117156799985
6,0.6380954682540894,0.6478135298728943,0.7948,0.3047172289606248,0.0002890222801861798,108.66586745400127
7,0.6178691078662872,0.6383515586853027,0.79772109375,0.297753643194453,0.00028336690747438146,108.7674024959997
8,0.6007922589206696,0.632207364654541,0.799638671875,0.29372194266365037,0.00027662883972374866,108.8380743889993
9,0.586132751045227,0.6276457337379455,0.80159296875,0.29141738337255485,0.0002688681861739149,108.29052649300138
10,0.5726231594371796,0.6282610548973083,0.80265,0.2912779099195338,0.0002601541783911395,108.66857771700052
11,0.5604049577236175,0.6239997918128968,0.803736328125,0.29214095092609155,0.00025056455266442507,108.56416067999999
12,0.5490295667600632,0.6249125111579895,0.80448125,0.29416441465522414,0.0002401848565323442,108.62629460099924
13,0.5381073669958114,0.6229930255889893,0.805136328125,0.29711991339750343,0.00022910768562694084,108.71856767899953
