test_index,error_category,label,prediction,probability_positive,raw_word_length,contains_negation,text_excerpt,manual_observation,proposed_testable_fix
5907,confident_false_positive,0,1,0.9999457597732544,28,False,"my husband had an omelette that was good. i had a blt, a little on the small side for $10, but bacon was great. Our server was awesome!","This review sounds mostly positive, but the negative label may come from the portion and value complaint. The model seems to focus on words such as good, great, and awesome while overlooking small side for $10.",Test stronger regularization or hard-negative examples.
2441,confident_false_positive,0,1,0.9999140501022339,9,False,"relaxing, very good location.  little cramped with small tables","This is a short mixed review. The model appears to give more weight to relaxing and very good location than to the complaint about the cramped space and small tables.",Test stronger regularization or hard-negative examples.
16311,confident_false_positive,0,1,0.9997809529304504,17,True,"Line moves fast,  no free water.  That makes it a wash for me especially in Vegas! ;)","The fast line and smiley face look positive, but no free water and a wash express dissatisfaction or at least a neutral verdict. The model misses that contrast.",Test stronger regularization or hard-negative examples.
13984,confident_false_positive,0,1,0.9995077848434448,78,True,"I have to say I love cafe rio! Their food is simple yet delicious, the service is great as well as consistent, and my appetite and tummy are always satisfied. However I've been to this location 3 different times and have not experienced any of these.. Even though it may be convenient for many of us here in henderson, please listen to the other reviews and DO NOT EAT AT THIS LOCATION ! New management is highly needed","The review begins with strong praise for the restaurant chain, then reverses direction and strongly criticizes this location. The model appears to overweight the positive opening and miss the final verdict.",Test stronger regularization or hard-negative examples.
6045,confident_false_positive,0,1,0.9994279742240906,73,True,"I have seen this place for a long time but was always hesitant to visit. I have always been happy with Massage Envy.\nI called to check on the hours and they were very motivated to get me in. They accomodated my schedule and got me in same day. The massage was good, but the establishment is a little run down and not too nice. I may go back because of proximatey and price.","The massage and scheduling were positive, but the reviewer was unhappy with the condition of the establishment and only might return. The model seems to let the service-related praise dominate this qualified review.",Test stronger regularization or hard-negative examples.
16897,confident_false_negative,1,0,5.877834337297827e-05,38,False,"I\""""m really bummed as I drove by today and like the previous poster in April said, the store front is empty and I called the place and the phone has been disconnected.  Feeling sad another small business gone.","The sadness is about a liked business closing, not about receiving bad service. The model treats emotional words such as bummed and sad as evidence for a negative review even though the writer's attitude toward the business is positive.",Test negation-aware/context-sensitive modeling.
8045,confident_false_negative,1,0,0.0002499423862900585,86,True,"I've been here a couple times and will always return.\n\nLine waits are usually never that long.\n\nI always get the Italian sandwich, no cheese. Super good, but you must eat right away or the dressing will make it a little soggy.\nTheir Mac salad is ok. The pasta salad is kind of bland. I wouldn't recommend things from the cold case in front for these reasons. \n\nDeducting a star because my sister said her prime rib sandwich was dry and they over charged us for the pasta salad.","The reviewer says they will always return and calls the main sandwich super good, but then lists several smaller complaints. The model gives too much weight to the later negative details and misses the overall positive recommendation.",Test negation-aware/context-sensitive modeling.
17132,confident_false_negative,1,0,0.0003516183642204851,85,True,"This review is for the pharmacy only.You do not need to be a member to use the pharmacy. I am a self paying user of generic Plavix...Cost for a 90 day supply is around is about $25. Contrast this to $45 at Walmart,and $200+ at both Target and Shopko. Price difference is unbelievable!! Begs the question of what price are health insurance carriers forced to pay!?? No wonder premiums are high should they be charged the 200-220 prices. It does pay to shop for prices..","The review recommends the pharmacy through a price comparison, but most of that positive message is expressed with numbers and rhetorical questions. The model may also treat the negations as negative sentiment instead of reading them in context.",Test negation-aware/context-sensitive modeling.
138,confident_false_negative,1,0,0.00040649695438332856,22,False,The visuals inside light are second to none. Led panels everywhere you look. The dancers and acrobatics are all cirque du soliel!,"Second to none is an idiom meaning excellent, but none can look negative when read without context. The review is clearly praising the visuals and performers.",Test negation-aware/context-sensitive modeling.
1064,confident_false_negative,1,0,0.0012830683263018727,39,True,"Soooooo good but server was eh.  Something we ordered came with marinated olives and I didn't know, so when I ordered olives,  she should have said something.   BTW, they come warm.  I'm not used to that.  I prefer cold.","The opening gives a strong positive overall reaction, followed by complaints about the server and olives. The model lets eh, didn't, and the preference complaint outweigh the reviewer's main positive statement.",Test negation-aware/context-sensitive modeling.
16360,near_threshold_error,1,0,0.4996761977672577,35,True,Love them the girls are so nice. They have energy to get you hyped up. They appeal both to females and males also. They way they dress is sexy but not trashy like other casinos.,"The review is clearly positive, but the phrase not trashy may cancel out some of the praise. Since the score is only slightly below 0.5, this also looks like a decision-boundary issue.",Test calibration or decision-threshold tuning on validation data.
17101,near_threshold_error,1,0,0.49944207072257996,70,False,"This store is the platinum standard of a Walgreens store. Aside from the extremely high markup on everything, I still managed to walk out of here with some essentials (like water in gallons vs. bottles), travel-sized items and honey roasted almonds that didn't cost $10. \n\nThe store boasts about 12 registers that seem to all be pretty busy. I'd stop here again for just about anything again when in Vegas.","This review balances a strong compliment and a willingness to return against a clear price complaint. The positive conclusion almost offsets the negative language, which explains why the score is so close to 0.5.",Test calibration or decision-threshold tuning on validation data.
19043,near_threshold_error,1,0,0.4990884065628052,222,False,"This is the 86th review of this restaurant so it's hard to make too many fresh comments, but I'll at least put my score into here for statistical purposes.  I cruised through the NoDa area and when I saw Cabo I recalled the decent Yelp! reviews so I figured I'd give it a try.  I went on a Monday night so it wasn't too busy (the rest of NoDa was a ghost town) and the service was prompt and friendly.  I ordered the jalapeno & cheese 'mashers' which I presupposed meant mashed potatoes.  Unfortunate","The excerpt contains friendly service and a willingness to try the restaurant, but it cuts off at the negative word Unfortunate. With the conclusion missing, the model receives mixed evidence and produces a borderline score.",Test calibration or decision-threshold tuning on validation data.
16676,near_threshold_error,1,0,0.4990597665309906,242,True,"As a new arrival to Phoenix from Miami, I needed to quickly find somewhere to cheer the Heat on to inevitable victory, as much as Pop and the Spurs are appealing underdogs.\n\nArcadia was the second place the wife and I tried, Zipps being the first. It's a pleasant, casual, sports bar with a little less emphasis on the Sports than Zipps and a little more emphasis on restaurant than bar. We seemed like the only people there for the game, everyone else was there for food. There's no sound on durin","The review is mostly pleasant but spends many words on neutral comparisons and small limitations. The excerpt also stops mid-sentence, so the overall opinion is diluted and the score stays close to the threshold.",Test calibration or decision-threshold tuning on validation data.
940,near_threshold_error,0,1,0.5010551810264587,555,True,"First of all, I have to point out that I am highly concerned that there are four \""""hidden\"""" reviews for this place, all of which are negative but not \""""reccommended\"""". Funny, how all the visible reviews are good, so it gives them a higher rating...? I wonder if my two-star review will become \""""hidden\"""" as well...? None of those reviews are inappropriate - they're honest. I think someone may be flagging them to hide them, which is not cool folks.\n\nOkay, so here's what I have to say. This ","This is a very long negative review, but the prediction is only barely positive. The repeated references to good reviews and a higher rating may dilute the criticism, while truncation can remove later evidence that clarifies the author's final opinion.",Test calibration or decision-threshold tuning on validation data.
11013,slice_specific_failure,1,0,0.01654602214694023,937,True,"Gather around little Yelpers, let me tell you about my stay at ye ol' Treasure Island. No, but seriously get ready to hear it.\n\nWe had the penthouse suite here. Our room was beautifully decorated and looked real crisp. Being an all guys birthday weeknd, we wanted to go all out. As soon as entering the room, we immediately fired up the jacuzzi. And 10 minutes later there was water all over the floor due to my fellow comrade who thinks it's not a problem to cannonball indoors. The staff handled ","At 937 words, most of this review cannot fit into the 256-token input. The retained section introduces a water accident, so negative event words can dominate before the staff's response and the reviewer's positive conclusion are fully seen.",Test longer context and targeted slice augmentation.
16303,slice_specific_failure,0,1,0.7929160594940186,830,True,"Here's the low-down:   They are definitely a must at Texas Station if you're a night-owl and love steak and hamburgers! They serve breakfast all day, every day.  Their pastries are reasonably priced, tasty and they are rather large for the money.  Aside from these things, you're better off going to Denny's, iHop or the Feast Buffet only a few feet past the Starbucks farther into the casino area.  I say this because the portions are plenty for whatever food you get - as it fills your plate! - but","The review starts with several compliments before giving the negative verdict that customers are better off elsewhere. With such a long review, the positive opening receives more attention while later criticism may be truncated.",Test longer context and targeted slice augmentation.
6816,slice_specific_failure,1,0,0.2761593759059906,802,True,"My Father's coworker gave him a business card of this place and gave high remarks of their massages here. He passed the info. to me and I finally had the chance to check it out. It's located southbound on Arville St., make a left after the neon purple lingerie novelty shop. \n\nIt's HIGHLY recommended to make an appointment here. It was busy and completely packed with guests when I walked in. Luckily, we made an appointment, but due to a miscommunication it was suppose to be for four not three. ","The reviewer opens with a recommendation, but the retained text quickly shifts to a crowded room and an appointment mix-up. Because the full review is 802 words, the model may not see enough of the later positive experience to recover.",Test longer context and targeted slice augmentation.
15244,slice_specific_failure,0,1,0.5386942028999329,757,True,"It's always nice to be the \""""HOT\"""" \""""CHIC\"""" new place on the block in the perfect location. This type of place will make money hand over fist until their real value comes out which is perfectly NILL. Customer Service and satisfaction are what makes money for a property in the long run after the newness has worn off. With many places to choose from you better have all your ducks in a row when you attempt to get passed the everyday guest and after my recent 4 hour experience at the Cosmopolita","The opening uses positive-looking words such as hot, chic, perfect, and make money sarcastically before saying the value is nil. The model appears to read those surface words as praise, and the long truncated context makes the sarcasm harder to resolve.",Test longer context and targeted slice augmentation.
6310,slice_specific_failure,0,1,0.9405952095985413,729,True,"We are Phil's Filling Station regulars, but thought we would give Kimmie's a try just to see what it was like. The location has had five restaurants over 15 years prior to Kimmie's and in our opinion, only one was good and they lasted the longest.\n\nWe arrived at 8:00PM (still unpacking from our vacation), and were the last patrons to arrive. A great folk singer was playing at a perfect volume, and we enjoyed his pick of tunes; e.g., John Prine, etc. A server promptly greeted us, provided menus","The visible portion praises the singer, atmosphere, and prompt greeting, which strongly favors a positive prediction. Since the complete review is 729 words, the negative overall evaluation likely appears later than the model's retained context.",Test longer context and targeted slice augmentation.
