model,slice,n,macro_f1,error_rate
baseline_mean,short_<=50_words,4984,0.9251033450739427,0.0716292134831461
baseline_mean,medium_51_150_words,8899,0.9285238215031537,0.07146870434880326
baseline_mean,long_>150_words,6117,0.9255945226600668,0.07160372731731246
baseline_mean,contains_negation,11981,0.9209271807198902,0.07344962857858273
cnn_multikernel,short_<=50_words,4984,0.9365805843137176,0.0605939004815409
cnn_multikernel,medium_51_150_words,8899,0.9400928453685323,0.05989437015394983
cnn_multikernel,long_>150_words,6117,0.9308376379237542,0.06702632009154819
cnn_multikernel,contains_negation,11981,0.9348034205496445,0.06092980552541527
bigru,short_<=50_words,4984,0.933156999212168,0.0640048154093098
bigru,medium_51_150_words,8899,0.9344846086184514,0.06551297898640296
bigru,long_>150_words,6117,0.9200665951133167,0.07716200752002611
bigru,contains_negation,11981,0.9251711078474457,0.06977714714965366
