model,epoch,train_loss,validation_loss,validation_accuracy,validation_macro_f1
baseline_mean,1,0.49773279450416563,0.3264156982421875,0.8817,0.8816991375867129
baseline_mean,2,0.27159315056324007,0.24167050704956056,0.9099,0.9098949315899019
baseline_mean,3,0.2169148360347748,0.21569342193603516,0.9201,0.9200930888512547
baseline_mean,4,0.1911372264242172,0.20452875480651855,0.9249,0.9248910763087763
baseline_mean,5,0.17504059302806854,0.19966464767456055,0.9263,0.9262877335417387
cnn_multikernel,1,0.3612319352388382,0.2247120346069336,0.9085,0.9084468250004285
cnn_multikernel,2,0.21380576489925385,0.1896414207458496,0.9225,0.9224586231458969
cnn_multikernel,3,0.16326137392044068,0.17593073768615722,0.9277,0.9276875904674001
cnn_multikernel,4,0.1307466074371338,0.17305703353881835,0.9317,0.931697114203075
cnn_multikernel,5,0.10935490155696868,0.17167838439941407,0.9326,0.9325766742262154
bigru,1,0.3531005364751816,0.23583602447509766,0.9039,0.9038324663494939
bigru,2,0.19607901510715484,0.19684511070251465,0.92,0.9199992799935199
bigru,3,0.15248553701400758,0.1803691879272461,0.9282,0.9281816144933103
bigru,4,0.12136966624975204,0.18454114074707031,0.93,0.9299811677348739
bigru,5,0.09504796319961548,0.18128116455078125,0.9296,0.9295845762055721
