epoch,FID,images
10,143.94506721608963,300
20,131.88718512669618,300
30,126.13193066959903,300
40,120.45358670560495,300
50,116.3473585371147,300
60,117.7332331615467,300
70,112.65831180481013,300
80,114.74759267439151,300
90,117.36020610714488,300
100,116.84762234380779,300
110,116.23654410073647,300
120,109.49574151398366,300
130,111.20540025903216,300
140,107.63187637016375,300
150,115.38100772628644,300
160,107.17634112069163,300
170,106.51789162930115,300
180,105.32191732902263,300
190,103.87740773392176,300
200,104.72836129071194,300
