epoch,lr,G_loss,D_A_loss,D_B_loss,adversarial,cycle_L1,identity_L1,G_grad,D_grad,gradient_norm_max
1,0.0002,9.73441943898797,0.3723202266555745,0.38768828911997844,0.850275956443511,0.6039249681634828,0.5689787605660968,51.425307638943195,24.44306559395045,468.5528564453125
2,0.0002,8.681088867597282,0.24822768635931425,0.2612246115168091,0.8270049828570336,0.5377011684468016,0.49541443909402005,41.85997563973069,23.89493890479207,244.45272827148438
3,0.0002,8.3387183342129,0.21882189930329332,0.2408756760705728,0.8786978435819037,0.5114893600693904,0.4690253773005679,40.32760055363178,24.0116926105693,141.8832550048828
4,0.0002,7.943424202501774,0.2095467888575513,0.22708013953524642,0.9180030821589753,0.48227032041177154,0.44054358507855795,39.87073263153434,23.716664702631533,224.79763793945312
5,0.0002,7.55342454276979,0.21578324149595574,0.21933616893511498,0.8656264693127014,0.45811364211840555,0.42133233140339144,37.819141848012805,23.64749359153211,107.62312316894531
6,0.0002,7.3138088239356875,0.22518359453533776,0.2136457869783044,0.8556646535289474,0.44174285273766145,0.4081431258819066,36.87143101170659,22.921377807855606,110.36048889160156
7,0.0002,7.263395491056144,0.22167373589763884,0.21976054397964617,0.8661051348899491,0.4388909734552726,0.4016761258535553,35.720883352681994,22.336810073815286,100.17871856689453
8,0.0002,6.916836833115667,0.21640161648610956,0.21328622460350743,0.8795637599832844,0.41304911926272325,0.38135637511732057,34.05660676211119,21.18470905534923,108.9004135131836
9,0.0002,7.049255485646427,0.21125070761627285,0.20724091331794625,0.904221943084849,0.4204858776938636,0.38803495146567,34.0371803175658,20.68206342868507,136.35208129882812
10,0.0002,6.828608707524836,0.21729214232982486,0.20971652765729232,0.8761538741091499,0.4069928072858602,0.3765053532551974,33.23636693879962,20.542231023311615,95.47606658935547
11,0.0002,6.77298098988831,0.21071969277909375,0.20919410516216885,0.9065201227203943,0.40129001979948953,0.37071213219314814,32.52346387319267,20.50398410949856,119.23836517333984
12,0.0002,6.637225766200572,0.21216055671538925,0.20930636310004047,0.8915676159813302,0.3921088235802017,0.364913978963159,31.589942468330264,20.698897689580917,87.4771957397461
13,0.0002,6.581984492018819,0.21046423736333963,0.2129888115086942,0.8645118921995163,0.389970445074141,0.3635536269575823,31.89609779790044,19.28040438424796,98.22019958496094
14,0.0002,6.5209889453835785,0.20610459838644601,0.20638607002911158,0.9033726157504134,0.38373225764371455,0.3560587501851842,31.58484572544694,19.918251785449684,153.85133361816406
15,0.0002,6.354349352885038,0.20726081365864957,0.21101728682697285,0.8596616832073778,0.375249646283919,0.3484382405295037,30.976557610556483,18.743085919879377,77.99870300292969
16,0.0002,6.207512780092657,0.20698469371563988,0.20200909372942988,0.8801729730912484,0.363503042695811,0.3384618760901503,29.635039921849966,18.047600205987692,83.8516845703125
17,0.0002,6.400636080652475,0.20053057039694977,0.20333671718435653,0.8905294458236312,0.3760311358200852,0.34995905472896993,30.509660813957453,18.26615804526955,122.20195007324219
18,0.0002,6.161081556696445,0.21126956786974915,0.2082750335594028,0.8614596338884439,0.3618123462074436,0.33629969164030626,29.701483242213726,17.799590481445193,90.26449584960938
19,0.0002,6.198178636375815,0.19822907170237158,0.20223607534717303,0.8756352350319503,0.3628933659638278,0.3387219459109474,29.470827946439385,17.42963324673474,114.89839935302734
20,0.0002,6.026873697061092,0.20260945853806334,0.20903289071793552,0.8702218253165483,0.35093491576844826,0.3294605437258724,28.777798922732472,17.486153664067388,66.35897827148438
21,0.0002,6.0013158605434,0.18973215629011975,0.2020834692502831,0.9150378203194123,0.3474379564577248,0.32237969341804273,29.58894689939916,16.5937285637483,230.35118103027344
22,0.0002,6.034883496817201,0.1942453762421792,0.20250970085180597,0.8999631752813002,0.35077809166978113,0.32542787899728864,29.137134306132793,17.2246379731223,83.783203125
23,0.0002,5.8541075787507,0.19530094504443696,0.20635209608008154,0.8809573296457529,0.33926190476631746,0.31610624032327905,28.51273854263127,16.363034105859697,66.4682846069336
24,0.0002,5.880105870310217,0.1868889253019006,0.198774258920821,0.896862847119337,0.34006215358385816,0.31652429833775386,28.716986214742064,16.110692895948887,138.4878692626953
25,0.0002,5.900332890450954,0.19674812852827017,0.2027249616876361,0.8869422619318357,0.34266083207330666,0.3173564596218057,28.70232759229839,16.464484877884388,73.24166870117188
26,0.0002,5.799822808708996,0.1810706090527674,0.19745255415364227,0.9287175959907472,0.33268649366800673,0.30884805278037675,28.331828221678734,15.865303386934102,128.70057678222656
27,0.0002,5.676725699100643,0.1939904948012554,0.20002856452265405,0.8858932810690021,0.32729516804101877,0.3035761466308031,28.148249773308635,15.68576324917376,101.12176513671875
28,0.0002,5.653295687865466,0.1937305964747793,0.1918846383196069,0.9206625455117319,0.324663418228738,0.2971997942950111,28.11184517852962,15.967296259477735,81.44486236572266
29,0.0002,5.622049757745117,0.18294205728670931,0.19799856988538522,0.8936398040241329,0.32302429669653066,0.2996333997871261,27.65739376563579,14.869817498140037,100.95403289794922
30,0.0002,5.601019430439919,0.18492397930822335,0.19150060554602533,0.9145649539423175,0.32010036922292784,0.29709016013657674,27.4520983658731,15.238177014514804,85.2754898071289
31,0.0002,5.646973163355142,0.17074923552718246,0.1960637324700656,0.9414908555045258,0.3221779156010598,0.29674063064157963,27.838692724704742,15.133968940936029,68.21184539794922
32,0.0002,5.471526415087283,0.16865637553564738,0.19695226344265393,0.9113581623241771,0.312464600749081,0.28710444952594116,27.099511606618762,14.975087132770568,72.77088928222656
33,0.0002,5.557737215887755,0.160775164658844,0.19255118869477883,0.9083163337490987,0.31807244289666414,0.29373929189750925,27.713905917480588,14.520581576041877,105.01810455322266
34,0.0002,5.4939937219023705,0.17191768875636626,0.1973462377973192,0.9406243223929778,0.310993133491138,0.2886876091652084,27.40569301135838,14.603003452531993,107.40597534179688
35,0.0002,5.482265305239707,0.1653247081412701,0.1944008092978038,0.9678247566334903,0.3091161244374234,0.284655861731153,26.72816484235227,14.392700672149658,99.82743835449219
36,0.0002,5.599523989483714,0.15911804788629524,0.1951587031217059,0.9487469831656199,0.31801877077668905,0.29411785971024074,27.725590150803328,14.069718203041703,164.9257354736328
37,0.0002,5.4866093513555825,0.14630907418541028,0.18763358825344767,0.9709627508273115,0.30914896572357975,0.2848313902504742,26.959225699305534,13.53781627304852,65.02664184570312
38,0.0002,5.481362401507795,0.1467963749273622,0.2010124120497494,0.9842352024861611,0.3075073460058775,0.2844107481651008,26.867202516645193,13.845593645703048,72.68733215332031
39,0.0002,5.363355732988566,0.14559003289105021,0.18746954764355905,1.0094926981255412,0.2969018176954705,0.27696897098212503,26.061357080936432,13.564829906914383,77.82129669189453
40,0.0002,5.317918426822871,0.14498080671182834,0.19356427912862273,0.9674565484747291,0.2966900725441519,0.27671223258948885,26.39507101289928,13.421470628585666,116.64310455322266
41,0.0002,5.463882598094642,0.14983135367947398,0.19081140002890606,0.9870300585462246,0.3067677196522709,0.2818350725574419,27.464476907625794,13.488957481458783,238.32252502441406
42,0.0002,5.295811994466931,0.15084726136774407,0.18894809957600955,0.965535170660587,0.2954529219714459,0.27514952144701965,26.46018185839057,13.092633912339807,74.07085418701172
43,0.0002,5.367438175249845,0.14178417493531015,0.19257035044938675,0.9881553499726579,0.29837751970626414,0.27910152572439983,26.811508731916547,13.01051156874746,81.14227294921875
44,0.0002,5.366103009786457,0.1411266340255679,0.18856005947418453,0.9970175574999303,0.2975074948335532,0.27880209901195485,26.414182357490063,12.808483560103923,77.45095825195312
45,0.0002,5.27312695235014,0.14198358168141567,0.18813320009576273,0.9911579126492143,0.29243171820417047,0.2715303717413917,26.46827943995595,12.367041188757867,67.37596130371094
46,0.0002,5.260683857835829,0.1423308868033928,0.1875253500402323,0.9792001014575362,0.29216407318017446,0.27196860217372887,26.74701126664877,12.350801750086248,83.4382553100586
47,0.0002,5.181728581897914,0.14589149926177924,0.18477090747728653,0.9860315752739552,0.28686408055364154,0.2654112393502146,26.263732075691223,12.555053948424757,127.33382415771484
48,0.0002,5.291553426999599,0.1474317605352553,0.1800215011862747,1.005635510548018,0.2924570725590456,0.27226943540154025,26.253391709178686,12.443818711675704,91.69435119628906
49,0.0002,5.1511090393178165,0.13852665764352423,0.1864483611752803,0.9631341802887619,0.2854389090789482,0.26671715429984033,25.97584138251841,11.887554507236928,61.51983642578125
50,0.0002,5.224576817825437,0.13973466324750916,0.18898677844481426,1.0102313206589315,0.28777491571963765,0.26731926877982914,25.97147575765848,11.950378173496574,87.66061401367188
51,0.0002,5.146446818951517,0.14038496542707435,0.18929124633723404,0.9820437067392049,0.2835371964611113,0.2658062318805605,25.682356083765626,11.77976159658283,63.607208251953125
52,0.0002,5.132386130746454,0.14426422531687422,0.1822786962184182,1.0040704229322728,0.2814036300696898,0.26285588249447756,25.87976659834385,11.893422623164952,118.32427215576172
53,0.0002,5.172359905205667,0.1349919946405862,0.18388339961165912,0.9801549264520872,0.2863984580617398,0.2656440823338926,25.58287409134209,11.568021415732801,59.50069808959961
54,0.0002,5.082188722211868,0.13478304644013406,0.18032242843946733,1.0035704658948816,0.27784245886141434,0.2600387343263719,25.065994702279568,11.58003004733473,133.00563049316406
55,0.0002,5.145100601948798,0.13628261949270382,0.18682218912726967,0.9678792019549292,0.2853577258938458,0.2647288282751106,26.410889385268092,11.262622395530343,126.3848876953125
56,0.0002,5.045926570426673,0.1353402049644501,0.18758286984666483,0.9755722333793528,0.2780410941049922,0.2579886761668604,25.584716711193323,11.234159437008202,77.50149536132812
57,0.0002,5.124393338803202,0.12984323684941046,0.17707587308905204,1.027243540622294,0.27890153680345975,0.2616268876590766,25.367811858654022,11.31345023214817,66.60780334472656
58,0.0002,5.099606725387275,0.13210072679612495,0.16840133849109407,1.0302818304626271,0.2780274635879323,0.25781005289172754,25.550588067620993,11.212149956263602,105.13701629638672
59,0.0002,5.120210651308298,0.13284436889080098,0.17896507540353923,1.0335808592499234,0.2793424335832242,0.25864109353278764,26.620040444657207,11.4492820603773,349.0599670410156
60,0.0002,5.1762323579750955,0.12925367792558973,0.18121498185973905,1.0352320090751164,0.28328870443510823,0.26162266261235345,25.877383833751082,11.066596701741219,93.42802429199219
61,0.0002,5.092383815906942,0.1285738877559197,0.17559725788669311,1.024950729610282,0.2783930151781533,0.2567005881865043,25.130957702174783,11.051686257123947,64.49027252197266
62,0.0002,4.996343524660915,0.1286682887803181,0.17326869821044966,1.023890222713817,0.2710374748567119,0.25241571199148893,24.609700663015246,11.040716810151935,75.17404174804688
63,0.0002,5.059834103100002,0.12137077645093086,0.1754633921700588,1.0381187688326463,0.2750900143873878,0.25416304112877697,25.60480664484203,10.815081442240626,421.1563415527344
64,0.0002,4.989405259490013,0.12384196124548907,0.1770319263014244,1.0344986911513843,0.269159594172379,0.2526621282886481,23.884900830686092,11.1006393795833,66.18159484863281
65,0.0002,4.987163801677525,0.11679143731089425,0.17721960461858544,1.0260119382874109,0.2701920497638639,0.25184627081034705,25.36640311218798,10.432392627000809,91.08470153808594
66,0.0002,4.902447075583041,0.11658307642574073,0.18064894530834863,1.0312663681688718,0.2635243897384498,0.24718736243085004,24.033042423427105,10.498211508151144,60.937355041503906
67,0.0002,4.930103444028646,0.12179581945929385,0.1736665237149282,1.0415456513874233,0.26355247205356136,0.2506066174682928,23.81641914881766,10.658159454818815,56.953529357910156
68,0.0002,4.913684795144945,0.11712989270745311,0.17385693494725274,1.037952704995405,0.2638430582010187,0.24746030144160613,23.619119681417942,10.383361414540559,55.888282775878906
69,0.0002,4.887580883689225,0.11875126161976368,0.1766222477926931,1.0209232403722126,0.2627633900847286,0.24780475057195872,23.881337957456708,10.522061914205551,70.50226593017578
70,0.0002,4.793885841965675,0.11145695229424746,0.17035172302894352,1.0299447465513367,0.2560412830498535,0.24070565341389738,23.252340957522392,10.381025386974216,72.36981201171875
71,0.0002,4.947503067087382,0.11169481369506684,0.16942304971598787,1.0537155349738896,0.2647441364824772,0.24926923416205682,24.014335423707962,10.555756639223546,70.84149169921875
72,0.0002,4.8682761285454035,0.11790136496347259,0.1660860281335772,1.0110932798997965,0.2629999404307455,0.24543668792466633,24.629983918741345,10.16023002564907,70.10850524902344
73,0.0002,4.930192717351019,0.12382103388154064,0.15755803402134916,1.0270606001431588,0.2641556933813263,0.252315037563676,24.09286593273282,10.395014858338982,83.9356689453125
74,0.0002,4.869717620778829,0.1247213928400015,0.15966306286645704,1.039036273257807,0.26013518424588256,0.24586590469698422,24.539226043969393,10.382583977654576,74.3972396850586
75,0.0002,4.960541559848934,0.12577627728387597,0.15027468495463836,1.0553244131151587,0.26630206929985434,0.24843929370399565,24.664774879813194,10.088601464405656,95.14188385009766
76,0.0002,4.822976823430508,0.12773621371161425,0.15846656722351327,1.0328268813609611,0.2577691569458693,0.24249167455127463,23.849865846335888,10.522415730636567,60.07883071899414
77,0.0002,4.812027639243752,0.1255979611451039,0.1496192618214991,1.0313406852073967,0.2568608545989264,0.24241568447905593,24.421538116410375,10.326198495924473,68.25820922851562
78,0.0002,4.835804609581828,0.1328117722296156,0.1561960234066646,1.0280035076430067,0.25979325189837255,0.2419737178424839,24.164710288867354,10.45832697302103,55.4906120300293
79,0.0002,4.785558462608606,0.13883445082683465,0.1652049071562942,0.9735116678639315,0.26043797319289297,0.2415334133838769,24.88133435510099,10.389660142827779,105.4524917602539
80,0.0002,4.74398176278919,0.1398081024926796,0.16066454834435717,0.989451777888462,0.2543605105020106,0.24218497599940747,24.370028842240572,10.640616881661117,68.01197052001953
81,0.0002,4.702116273343563,0.13961680678039556,0.1592974707018584,0.9938552769890521,0.2527789195301011,0.23609436026890762,24.133096596226096,10.331280458252877,130.46597290039062
82,0.0002,4.699717279989272,0.13619211236800766,0.15876339433452813,0.9725865239161067,0.2536288358969614,0.2381684803549433,23.9533300306648,10.205770288594067,55.343807220458984
83,0.0002,4.741250513587147,0.1340023393277079,0.16287338186157285,1.0004559934022836,0.25523403743864037,0.23769083016668446,24.45737305097282,10.391904782038182,123.86763000488281
84,0.0002,4.698618626222014,0.1434840501024155,0.16130290293949656,0.9801386780454777,0.25286272284574807,0.23797054153692443,24.74513108469546,10.562051099259406,92.2322998046875
85,0.0002,4.765451451297849,0.13047749261022545,0.1717187261165236,0.9797877634118777,0.25691735328291543,0.24329803220462054,24.902969375252724,10.274928423576057,111.31807708740234
86,0.0002,4.686014699749649,0.13514024736286956,0.1702107439887186,0.9901876997028012,0.25184482778422534,0.23547574396070559,23.97930498421192,10.150822340045124,84.54007720947266
87,0.0002,4.7226101965643466,0.13622984011817607,0.17289748172697728,0.9692715504497755,0.25506976622273214,0.24052819421922322,24.140818068757653,10.329652794171125,62.02280044555664
88,0.0002,4.555056185461581,0.1401006046908151,0.17650797851092648,0.9559050590032712,0.24497277932823636,0.22988466781680472,23.31448083370924,10.338273086585104,61.79155349731445
89,0.0002,4.614391579292715,0.1373353538729134,0.17383563359726395,0.96367359359283,0.24780415010172874,0.23453529605467338,23.73795728944242,10.266446590423584,80.34882354736328
90,0.0002,4.47921544406563,0.14542769993568072,0.1752217962712166,0.9286023991880938,0.24021536315558478,0.22969188232673332,23.633128348737955,9.979138955008239,84.94371032714844
91,0.0002,4.461536929011345,0.14760189431035542,0.1797831060612225,0.9035911637765821,0.24180435779271647,0.22798043857619632,23.616080313920975,10.020570799708366,83.40626525878906
92,0.0002,4.6428098869509995,0.1338782899947546,0.16639215999020962,0.9951677637873217,0.24723962906864472,0.23504916834644973,24.88648327998817,9.961147403344512,208.30148315429688
93,0.0002,4.529954321216792,0.1436310362369113,0.176254334688565,0.9204657510999823,0.2450047190359328,0.23188827629201114,23.952075757086277,10.225951059255749,154.25071716308594
94,0.0002,4.511539367493242,0.14433732843463076,0.17790870187309338,0.9483096836192999,0.24177717725979164,0.22909158027323429,23.374124724417925,10.19233253505081,93.5918197631836
95,0.0002,4.439711622428149,0.14891407983304816,0.17068258891595178,0.9309159397962503,0.2377391628397163,0.22628081047150772,23.316334342584014,10.018660143017769,72.80316925048828
96,0.0002,4.479539160151035,0.14387609486220754,0.17868734122384922,0.9170477737352485,0.24230789847206324,0.22788248155848123,23.306190630421042,10.04649981437251,61.63927459716797
97,0.0002,4.4366989163681865,0.15645227312415955,0.16592024771671277,0.9030349761014804,0.24018113935017027,0.22637050904450007,23.542707483284175,9.949954900424927,146.70506286621094
98,0.0002,4.4731729994528,0.14668892715417314,0.17191781707879272,0.9257562723360024,0.2414172813296318,0.2266487837769091,23.282152066007257,9.928045560605824,53.228599548339844
99,0.0002,4.456138534937054,0.14327113756007748,0.16836724250606494,0.9611030904925428,0.23807369396672584,0.22285970451775938,23.468563207425177,9.760686401743442,133.74130249023438
100,0.0002,4.531180138234049,0.14407383535217377,0.16967214399119257,0.9669780945987441,0.24375693280308042,0.22532654140377417,24.025394110009074,10.188063072506338,127.78937530517578
101,0.0002,4.434031658805907,0.14978380062166252,0.17847818507652846,0.9480615388893057,0.23743775926413946,0.2223185048205778,23.633389972150326,10.167254080064595,69.11339569091797
102,0.00019800000000000002,4.431118830572814,0.15140861262989347,0.1752184542528994,0.9580005242314655,0.236198335129302,0.22222699216217734,23.36572229117155,10.087100992910564,82.89067077636719
103,0.000196,4.514286891091615,0.1487799598071433,0.1642581486448762,0.957105364985182,0.24184014278580435,0.22775601856119465,23.604034692049026,9.801056188065559,138.36770629882812
104,0.000194,4.402899202890694,0.14333509772768593,0.1747265321064333,0.9102696326735895,0.23717347069759853,0.22417897514242213,23.331295929849148,9.946310399100184,62.47549057006836
105,0.000192,4.338437202386558,0.14488733987673186,0.17582808516090154,0.9173238885123283,0.23147084923402872,0.22128096160304267,22.938409876078367,9.750507188029587,81.39479064941406
106,0.00018999999999999998,4.283440814819187,0.14759786568538402,0.17434501373645617,0.9134696478431579,0.22801046681706794,0.21797330080880783,22.480811240151525,9.949345697648823,61.14582824707031
107,0.00018800000000000002,4.249205909669399,0.1503875914022501,0.17328499850191292,0.8981594845827203,0.22717561703757383,0.2158580523537239,22.35622465610504,9.69733250234276,65.20870208740234
108,0.00018600000000000002,4.307040555868298,0.15131618827945204,0.1728082718946098,0.907121518132044,0.23123788031807635,0.21750804418115877,22.251590974628925,9.852542335633188,57.861663818359375
109,0.000184,4.361557534430176,0.14881199529918376,0.17009312239315477,0.9357247800799087,0.23347930406453088,0.21820794137602206,23.17924533225596,9.675390796735883,99.3188247680664
110,0.000182,4.397419158369303,0.1499535501388891,0.17066785350471037,0.9335755934298504,0.23643128111143596,0.21990615017421078,23.1111542833969,10.076330877840519,71.47041320800781
111,0.00018,4.366843775380403,0.1436751988294418,0.1610618056729436,0.9489037814200856,0.23290592298144475,0.2177761536295293,23.12169469241053,9.47268901951611,83.41476440429688
112,0.000178,4.213005484547466,0.14800787316562491,0.1715955766630941,0.9368565350305289,0.2230411316268146,0.20914752571843565,22.065196750685573,9.744865731801838,55.138370513916016
113,0.00017600000000000002,4.320257323794067,0.14423213084592135,0.16488670176477171,0.9490159079432487,0.22859621775569394,0.21705585050221998,23.49345614016056,9.48323446791619,207.267822265625
114,0.00017400000000000003,4.186394021380693,0.15034625305997906,0.1697714210495178,0.9154117382131517,0.22205047856550664,0.21009549817244988,22.600158805027604,9.714547988492996,146.82691955566406
115,0.000172,4.2598592564463615,0.14626465435139835,0.16358562880486716,0.9396395912626758,0.22577120341884438,0.21250152625725605,24.077359467744827,9.605745407287031,102.72952270507812
116,0.00017,4.20990297337994,0.14529448554094415,0.17260682865526178,0.9474015526066069,0.2213551446911879,0.20978999239741825,23.04267385415733,9.945339135359973,202.38766479492188
117,0.00016800000000000002,4.174998551607132,0.1420174507657066,0.16401636219598004,0.9694039724417962,0.21725995632004924,0.20659900264581665,22.009406640194356,9.4539116024971,73.10689544677734
118,0.000166,4.229542589280754,0.14816626142783207,0.17064115456378204,0.9413000643835403,0.22311223892029375,0.2114240264345426,22.55023387260735,9.757270189467818,84.38681030273438
119,0.000164,4.205172029789537,0.14806571994631668,0.17142426888312912,0.9486621671239845,0.22188076782913413,0.2075404394272482,22.5995658878237,9.78516639675945,83.72564697265625
120,0.00016199999999999998,4.209964812267572,0.14164868829175248,0.16526934955618344,0.9791985981864855,0.22014805520302616,0.20585713371110614,22.904751908034086,9.517318967264146,125.989501953125
121,0.00016,4.165711847599596,0.14612779991148273,0.16473196174592886,0.9486056992318481,0.21833976625930518,0.20674169626727235,22.532411097548902,9.659400588832796,96.2537612915039
122,0.00015800000000000002,4.085962472483516,0.1441323056751571,0.1724663399727433,0.9184543028241023,0.21545811161922757,0.20258541374641936,22.941434810869396,9.531499301083386,359.04156494140625
123,0.000156,4.1341032213531435,0.14603937748688622,0.15867945176796638,0.9398062416876201,0.2172845064487774,0.20429038183647208,22.40159371122718,9.537241211626679,75.47206115722656
124,0.000154,4.107460367958993,0.14118138594858465,0.16591475335008,0.9432128915505018,0.21421962803287897,0.20441023849707562,22.19364357739687,9.31824650010094,138.50540161132812
125,0.000152,4.054832509253174,0.14982638966102968,0.1650142100334051,0.9140974170004483,0.21357178877224214,0.20100344152888283,22.40574354864657,9.869952994864434,58.25217056274414
126,0.00015000000000000001,4.112566083204001,0.1399962383111415,0.16186417951394105,0.9566143632109743,0.2153841157851275,0.20042211341205984,23.24016122147441,9.695112526416779,102.04369354248047
127,0.00014800000000000002,4.004702556878328,0.14844371248182142,0.1651055232359795,0.9295972732652444,0.2083926718623843,0.19823571389133576,22.026388723403215,9.41758111026138,93.51614379882812
128,0.000146,4.142527235206217,0.14317202527672634,0.16487531439997838,0.9634698822628707,0.21592285949736834,0.203965751134092,23.192354269325733,9.634684608317912,82.84607696533203
129,0.000144,4.105269108898938,0.14305247698212042,0.16685183296795003,0.9582198749703821,0.2132356560905464,0.20293853286420926,22.065332568250597,9.600304136518389,69.39549255371094
130,0.000142,4.057242128998041,0.13844093173611327,0.1598245107998082,0.9838057583547197,0.20905454432067927,0.19657818629639223,22.539114134386182,9.300499706994742,84.42646789550781
131,0.00014000000000000001,4.023028971161693,0.14310512601514347,0.1641853304754477,0.9492090548737906,0.20852955208101775,0.19770487744244747,23.623787872493267,9.603775256313384,507.6832275390625
132,0.00013800000000000002,4.044420266523957,0.14181173606630182,0.16246725732708,0.963839452189859,0.2087240615655901,0.19866804078628775,21.97479541413486,9.477249403484166,124.4227066040039
133,0.000136,3.9895041147246957,0.1483447163591336,0.1618893621925963,0.9649821969214827,0.2061887531017419,0.19252687912376132,21.42274147644639,9.602858633268625,50.54597473144531
134,0.000134,4.003646947443485,0.14006894683552673,0.16075457738770638,0.9850497174193151,0.2061797708447557,0.19135990427457727,22.021102137863636,9.370117741636932,101.86392974853516
135,0.000132,4.037896525114775,0.1399925362675276,0.16366361091058934,0.9755913706612773,0.20857148682989646,0.1953180575510487,22.435666187666357,9.487475796137005,99.2625732421875
136,0.00013000000000000002,4.038011285942048,0.1367049245236558,0.1630733245256124,0.972678097372409,0.20838028384605423,0.19630607031285763,22.901371527463198,9.557722426950932,148.7428436279297
137,0.000128,3.962495078332722,0.13845465357371722,0.1662540185097896,0.9455317431129515,0.20555791503284127,0.19227683870121837,22.46968282945454,9.511461621616036,185.64596557617188
138,0.000126,4.0065546366386116,0.1358830691242474,0.16398007386669633,0.9748128854553215,0.2049945378676057,0.19635927402123343,21.85277033597231,9.742496507707983,94.73365020751953
139,0.000124,3.900574082508683,0.14229884288579342,0.16023632802534848,0.9485942750470713,0.2005838334589498,0.18922829638177063,21.701904284767807,9.671020484063774,111.04768371582031
140,0.00012200000000000001,4.000715779606253,0.14147952972416533,0.16228059265267802,0.9658033159794286,0.20620520682132337,0.19457208218227606,22.306522523984313,9.622731596697122,62.562931060791016
141,0.00012,3.9452344733290374,0.13660534034352168,0.16216092061949894,0.9609349590027705,0.20353390761010814,0.18979208961536642,21.907206993550062,9.330790048930794,95.57720184326172
142,0.000118,3.9197440203279257,0.13532645433951984,0.160599528982857,0.9773116201395169,0.200576477102004,0.18733352590061259,22.001883625984192,9.695755475200713,99.7008056640625
143,0.00011600000000000001,3.881027353461832,0.13710420145798707,0.16466951618349412,0.9734744729357772,0.19877309567527846,0.183964387193555,21.816321086138487,9.691995969042182,79.5177993774414
144,0.000114,3.8985291230492294,0.13452207597583765,0.15853348838936654,0.9805613058852032,0.19943319166486617,0.1847271799488226,22.871404636651278,9.495656991843134,301.7973937988281
145,0.000112,3.8957808362320065,0.13261969303857768,0.16158247066050535,0.9838697238883469,0.19860972992319148,0.18516276380978525,21.923790426924825,9.852666195482016,78.9802474975586
146,0.00011000000000000002,3.9207313526421785,0.1328175249727792,0.16055700420110952,0.9636519099585712,0.20182212445070036,0.18777164227503818,22.976669559255242,9.577076628804207,93.6524887084961
147,0.00010800000000000001,3.850248666945845,0.13771579325839411,0.16043463129972224,0.9886910271306988,0.19498383038444445,0.1823438665451249,21.836935561150312,9.710626225918531,84.7408218383789
148,0.000106,3.8583653420209885,0.1366153285598557,0.1592917117923207,0.9819233002490364,0.19640134093060624,0.18248572734592017,22.460250100120902,9.829182281624526,90.58927154541016
149,0.00010400000000000001,3.91140851797536,0.12778035263181664,0.15646176673544687,1.0244475531508215,0.19728563800163101,0.18282091958099045,22.641114013269544,9.718019557185471,96.60334777832031
150,0.00010200000000000001,3.9038969026878476,0.13482856983682723,0.1643348901234276,0.9808721520239487,0.19949236389948055,0.18562022378318943,22.575437501072884,9.631573282647878,132.62234497070312
151,0.0001,3.8498175349086523,0.13325402972986922,0.15556799811020028,0.9827766212983988,0.19569706605398096,0.18201405121362768,21.97870839200914,9.461492532864213,69.83753967285156
152,9.8e-05,3.8136134538799524,0.13204667388345115,0.1603701502117474,0.9942330219491851,0.19254504548734985,0.17878599638061132,22.123004538938403,9.734527157619596,100.32418060302734
153,9.6e-05,3.838869568426162,0.13235297343635466,0.1561655612931645,0.9981948199565522,0.19450052094180137,0.17913390931789763,22.389290096238256,9.586373191792518,73.26866912841797
154,9.400000000000001e-05,3.810888620559126,0.13294028397649527,0.16154830572850187,0.9878075405140407,0.1929866403224878,0.17864293546881527,22.731032006442547,9.844641010276973,99.41749572753906
155,9.2e-05,3.772241225466132,0.1304940109657764,0.16095852484613715,0.9946617549867369,0.18974952996359207,0.17601683238171972,21.56565603800118,9.734097342938185,89.71131896972656
156,9e-05,3.7903130361810327,0.13559511507628486,0.15977049727371195,0.9793126216391101,0.19139725125569385,0.17940557841211557,21.676638139411807,9.908066458068788,49.77471160888672
157,8.800000000000001e-05,3.806705089751631,0.13008462943253107,0.1559984947052726,0.9957530073006637,0.19263974955538288,0.1769109162996756,21.841293888166547,9.83070451207459,51.07582473754883
158,8.6e-05,3.7868873081170022,0.13110701151163084,0.15751162471497082,1.0087658193078823,0.1903624901024159,0.1748993177752709,22.306879235431552,9.847788935527205,55.7902717590332
159,8.400000000000001e-05,3.795104287099093,0.129588738327584,0.15731728533864953,1.0105978847132064,0.19014483052887954,0.17661161975411233,22.767426965758204,10.005664738826454,110.92115783691406
160,8.2e-05,3.8391162059269845,0.12397229011185118,0.16107648542310926,1.0286524709663354,0.19144991632492747,0.17919291455473285,22.61633126810193,9.708160874899477,67.6496810913086
161,8e-05,3.6679840236902237,0.13320970705535728,0.16359418848878704,0.992905986495316,0.18313484739337582,0.16874591341183987,22.075368270277977,9.917444592807442,82.40048217773438
162,7.8e-05,3.7700874102301896,0.1274580100980529,0.15985520835238276,1.0028972486034036,0.1899202202766901,0.17359759056125768,22.32041553594172,9.727996633853763,60.92125701904297
163,7.6e-05,3.7271784474141896,0.1333852193019993,0.16219845886007533,1.0041556321666576,0.18632842155057006,0.1719477210426703,22.507093399763107,10.170707989484072,148.31967163085938
164,7.400000000000001e-05,3.760725879110396,0.12728010780847399,0.1572485033866542,1.0228310690145008,0.18712468809098937,0.17332958558108658,22.957337697036564,9.765658096875995,122.95592498779297
165,7.2e-05,3.750285917893052,0.1263500661298167,0.15946470042035799,1.02272714744322,0.186741359604639,0.17202903433644678,22.18098534271121,9.89663094561547,46.876808166503906
166,7.000000000000001e-05,3.649548247922212,0.1287692024561693,0.15898136233226978,1.0044664109591395,0.18080029540578835,0.16741577623179182,22.10166435316205,10.006349977105856,113.8781509399414
167,6.8e-05,3.757825825829059,0.12820999232280883,0.15583623605198227,1.0115801273204852,0.18741260244860314,0.17442393689998426,22.636612813919783,9.833597723860294,81.56297302246094
168,6.6e-05,3.7549697845242918,0.12429148394585354,0.15278331461377093,1.036042039806489,0.18546467369014863,0.17285620122856926,22.69122576341033,9.860357982106507,75.41461944580078
169,6.4e-05,3.7004158538766205,0.12756176359107485,0.15933308902822318,1.0189679932664149,0.1837873535550898,0.1687148661003448,22.720659056678414,9.784105865750462,109.1502456665039
170,6.2e-05,3.6676039318554103,0.12810834140327643,0.15765162558454904,1.0193379523116164,0.18200947078003082,0.16563425412459765,22.9555375687778,10.073764544911683,81.05240631103516
171,6e-05,3.702188831754029,0.12321583075026865,0.15912363762254245,1.0394856657949276,0.1827253356896108,0.1670899610471679,23.12388125061989,10.00427822722122,182.1608123779297
172,5.800000000000001e-05,3.6588306818157434,0.12060803423082689,0.1575360931819887,1.0245586284436285,0.1811238635564223,0.16460668202489614,22.180370908230543,9.994228336494416,62.90073776245117
173,5.6e-05,3.6590964961797,0.12448552788555389,0.15363529707974521,1.0398594741127454,0.17962119956791867,0.16460500402899925,22.591639472171664,10.259405250195414,137.7432861328125
174,5.4000000000000005e-05,3.701455360278487,0.12293095889617689,0.1543045428697951,1.0415977383381687,0.18315124553919304,0.16566903427883517,22.448422411456704,10.038776580244303,64.52728271484375
175,5.2000000000000004e-05,3.6409830106422305,0.12217187532223761,0.16261052777190343,1.0195573543896899,0.18006733601214364,0.1641504610015545,22.495174501091242,10.154109868220985,98.01395416259766
176,5e-05,3.6366260461509228,0.12239401018086937,0.15605335899090278,1.0403619150747545,0.17803237902990077,0.16318806835624855,22.65007660910487,10.04450184525922,86.8421859741211
177,4.8e-05,3.6482133087702096,0.12338893174091936,0.15625486813223688,1.0381842995993793,0.17914567461411934,0.16371445239929017,22.617147723212838,10.059607920236886,86.15274810791016
178,4.6e-05,3.5931800473481417,0.12150124331674306,0.1557407204672927,1.0426824758178554,0.17460730198945384,0.16088490854599513,23.145665096119046,10.106184518896043,101.59152221679688
179,4.4000000000000006e-05,3.661389896646142,0.12373949345419533,0.15686716581694782,1.0230125123052858,0.18061234761262313,0.16645078116562217,22.488836515694857,10.209859698545188,66.11869812011719
180,4.2000000000000004e-05,3.563026210758835,0.11799188750228495,0.15949369326699525,1.0400789512787014,0.17294366731948685,0.1587021174345864,22.060664946213365,10.01184313930571,71.38917541503906
181,4e-05,3.575968559831381,0.12010623608148308,0.14851471609290456,1.0530735348002054,0.17265389455133118,0.15927121795539279,22.55057977512479,10.14719167072326,65.99211883544922
182,3.8e-05,3.546580472961068,0.12166725726638106,0.15615244896616787,1.0557235833839513,0.1711411349242553,0.15588910736551043,22.371885415166616,10.3132288120687,57.60969543457031
183,3.6e-05,3.5575123433955014,0.1188515519243083,0.1555295188409218,1.0494349104701541,0.1716916434088489,0.15823220074526034,22.213479025289416,10.083729598671198,97.48773193359375
184,3.4e-05,3.5766946566291153,0.11968979011726333,0.15387001791168586,1.0513009437127039,0.17320639925310388,0.15866594389081,23.166393421590328,10.018166455440223,71.1346435546875
185,3.2e-05,3.5314445313997567,0.11780453026221949,0.1570125820398971,1.0555321645806544,0.1693578283302486,0.15646681543148588,22.56358902901411,9.968113753944635,61.41212463378906
186,3e-05,3.544878843706101,0.11894135515103699,0.15598540636710823,1.0517937281983905,0.17073311857529916,0.15715078507491853,22.314083037897944,10.18796650879085,77.14397430419922
187,2.8e-05,3.6238651466555893,0.1192597666340589,0.1473367031867383,1.0811506330501288,0.17439432407263666,0.15975425389478914,23.542605102062225,10.373779698740691,65.63910675048828
188,2.6000000000000002e-05,3.553930268622935,0.11391318943060469,0.15864951215917245,1.0728855356574059,0.1711347992240917,0.15393934812163934,23.149221600964665,9.998213069979101,73.65519714355469
189,2.4e-05,3.546078641433269,0.11456489599731867,0.16282881229562918,1.0573482838808559,0.1704929350526072,0.15676020315731876,22.448691522702575,10.311576284933835,80.46160888671875
190,2.2000000000000003e-05,3.547890491783619,0.11571084395836806,0.14798072562552989,1.0826020534150302,0.16966792603489012,0.15372183662839234,23.188976854085922,10.225763811264187,84.2576675415039
191,2e-05,3.478251038119197,0.11717319672607118,0.15945181557617616,1.0539051645901054,0.16713313342188485,0.15060290831024759,22.233509300276637,10.344985000789165,67.78314971923828
192,1.8e-05,3.491183039266616,0.11442505873492337,0.15407290490111336,1.0801558146486059,0.16578227058926132,0.15064090247324202,22.030756771564484,10.163179920054972,105.8443374633789
193,1.6e-05,3.527825206518173,0.11567208179985755,0.15060457307845354,1.0903494889498688,0.16720333448029123,0.15308847288542893,22.04063299484551,10.329763631336391,58.9243049621582
194,1.4e-05,3.525814736727625,0.1126444301698939,0.1496933795278892,1.1054242932004854,0.16570304783817846,0.152671992618707,22.50863360054791,10.030486194882542,77.08717346191406
195,1.2e-05,3.4633249291218817,0.11744324709070497,0.15015136720103328,1.0788090710993856,0.16334106617432553,0.15022103929368313,21.57823656499386,10.236046872101724,62.663509368896484
196,1e-05,3.5214832820929587,0.11489981007616734,0.15570323482825188,1.0857252621208318,0.16671877042972483,0.1537140637083212,22.599151706323028,10.199718815274537,78.19711303710938
197,8e-06,3.494879400357604,0.11323942523813457,0.14822625616943697,1.1156738166464493,0.16250511979160365,0.15083087579114363,22.405326671898365,10.079259504098445,89.83714294433594
198,6e-06,3.449129610322416,0.1125007835944416,0.151928251470963,1.0914286740589887,0.1613070406310726,0.14892610631068237,22.489604456350207,9.969353034161031,58.458866119384766
199,4e-06,3.497068685013801,0.1082035628533049,0.15064889037239482,1.1008218192728236,0.1638725731172599,0.15150422748411074,22.13028405047953,9.67852646438405,63.05691146850586
200,2e-06,3.478485258296132,0.11423110894611455,0.14858563092639088,1.113250408670865,0.16217681739362888,0.14869333380192984,22.339267417788506,10.054940635338426,90.06614685058594
