example_id,model,checkpoint_sha256,source_text_sha256,human_packet_sha256,review_group,true_label,predicted_label,positive_probability,original_token_length,oov_rate,has_negation,ai_draft_error_type,ai_draft_evidence_quotes,ai_draft_reason,ai_draft_testable_fix,ai_draft_status
yelp:test:9938,dilated_cnn,f3883a005a369ef495c99bebe3cd51c4a7858c3f58121b6dbcfecee341dd8ac2,c523c10451554e5ef9139e74e00521330ac557e653b4fbcb8cb03a6b0cd8d952,d7a10e32fc3f9b00a035bd5629af8f5a837a2aecb782a4f67133b868bd3d1fe0,confident_false_positive,0,1,0.9999788999557496,113,0.0,True,Mixed value and hygiene comments,"[""you can't beat it for the price and location"", ""the drains in the shower and the sink backed up""]","The writer likes the price and location and would probably return, but also describes backed-up drains and dirty shower water. The positive prediction may reflect the favorable overall wording while giving too little weight to the hygiene complaint.",Add reviewed mixed-aspect training examples and compare validation macro-F1 on reviews combining value praise with hygiene complaints.,AI_ASSISTED_NOT_STUDENT_REVIEW
yelp:test:5752,dilated_cnn,f3883a005a369ef495c99bebe3cd51c4a7858c3f58121b6dbcfecee341dd8ac2,3ee0ca7ac62737a81b0cb91067a7199351dd9bf85d72ac687f67b83432065305,d7a10e32fc3f9b00a035bd5629af8f5a837a2aecb782a4f67133b868bd3d1fe0,confident_false_positive,0,1,0.9999715089797974,260,0.0115384615384615,True,Negative update above an older positive review,"[""This was a 4-star review"", ""customer service have gone down the tubes""]","The opening note says food and service have deteriorated, but most of the review preserves earlier praise. The prediction may follow that longer positive account rather than the updated judgment. The whole processed review fits in the input.",Train a version that marks review updates explicitly; compare validation macro-F1 on updated reviews against the current preprocessing.,AI_ASSISTED_NOT_STUDENT_REVIEW
yelp:test:29330,dilated_cnn,f3883a005a369ef495c99bebe3cd51c4a7858c3f58121b6dbcfecee341dd8ac2,b12a70fa48e2b113ace0b8df94bcdf3641c59881730bc0e10d914ba983ecd36f,d7a10e32fc3f9b00a035bd5629af8f5a837a2aecb782a4f67133b868bd3d1fe0,confident_false_positive,0,1,0.9999679327011108,23,0.0,False,Positive wording with a negative supplied label,"[""Wow love the place"", ""Great place to come and relax""]",The short review praises the cleanliness and atmosphere and recommends visiting. There is no visible complaint explaining the supplied negative label. Missing rating context or an ambiguous label could account for the mismatch; the text cannot establish which.,Audit similar short training reviews for text-label agreement; compare validation macro-F1 before and after documented training-only corrections.,AI_ASSISTED_NOT_STUDENT_REVIEW
yelp:test:23815,dilated_cnn,f3883a005a369ef495c99bebe3cd51c4a7858c3f58121b6dbcfecee341dd8ac2,70eea4c5eae5cbcc5ca2f3dcdea69be22164026143f696dba63e81ba8580face,d7a10e32fc3f9b00a035bd5629af8f5a837a2aecb782a4f67133b868bd3d1fe0,confident_false_positive,0,1,0.9998801946640016,129,0.0155038759689922,True,Bakery praise mixed with limited grocery appeal,"[""The bakery here is tops"", ""The deli isn't the greatest""]","The writer strongly praises bakery products while describing the store as basic and the deli as unremarkable. The positive prediction fits much of the text, but conflicts with the supplied label. The intended overall rating is unclear from these mixed comments.",Add reviewed training examples with conflicting product and store opinions; compare macro-F1 on a matching validation slice.,AI_ASSISTED_NOT_STUDENT_REVIEW
yelp:test:17407,dilated_cnn,f3883a005a369ef495c99bebe3cd51c4a7858c3f58121b6dbcfecee341dd8ac2,34e08e9945020451fc394852046010313ba630745f720525bd356f226ded8958,d7a10e32fc3f9b00a035bd5629af8f5a837a2aecb782a4f67133b868bd3d1fe0,confident_false_positive,0,1,0.9998782873153688,453,0.0198675496688741,True,Good first visit followed by disappointment,"[""it will probably be the last"", ""Bad place for someone""]","The writer recalls an excellent first visit, then describes smaller portions and disappointment after a menu change. The final negative comparison falls beyond the 384-token limit. Losing that ending may contribute, although the retained opening also says this will probably be the last visit.",Train with a 288-token beginning and 96-token ending; compare long-review validation macro-F1 with the current 384-token prefix.,AI_ASSISTED_NOT_STUDENT_REVIEW
yelp:test:22807,dilated_cnn,f3883a005a369ef495c99bebe3cd51c4a7858c3f58121b6dbcfecee341dd8ac2,f6fd4ab7d1852f69497e79526b131a3b6ec611e11254859ff2fd429f8ffc464f,d7a10e32fc3f9b00a035bd5629af8f5a837a2aecb782a4f67133b868bd3d1fe0,confident_false_negative,1,0,1.1712622836057562e-05,60,0.0,True,Brief service update above an older complaint,"[""They really did change the service up"", ""Horrible service.""]","The opening edit says service changed, while the remaining text describes rude treatment during an earlier visit. That detailed complaint may dominate the prediction. The edit does not explicitly describe the new service quality, leaving some uncertainty about the positive label.",Preserve an explicit edit marker during training and compare macro-F1 on validation reviews containing later updates.,AI_ASSISTED_NOT_STUDENT_REVIEW
yelp:test:30793,dilated_cnn,f3883a005a369ef495c99bebe3cd51c4a7858c3f58121b6dbcfecee341dd8ac2,37c11ab231f078a3a20b4bf243b340aa78aaa334aeaeb9d8e67181bbe2c5d1c7,d7a10e32fc3f9b00a035bd5629af8f5a837a2aecb782a4f67133b868bd3d1fe0,confident_false_negative,1,0,0.0003008847124874,64,0.0,True,Past complaints and improved current ownership,"[""This place is so much better since they changed owners."", ""It was horrible."", ""Now its much better.""]",The writer clearly separates poor service under previous owners from a much better current experience. The negative prediction may mix these two periods instead of following the current recommendation. Both the complaint and the positive ending fit in the input.,Add reviewed ownership-change training examples; compare validation macro-F1 on reviews contrasting past and current experiences.,AI_ASSISTED_NOT_STUDENT_REVIEW
yelp:test:26683,dilated_cnn,f3883a005a369ef495c99bebe3cd51c4a7858c3f58121b6dbcfecee341dd8ac2,6114554547e9902d6f2bd83baab20072d2be29638dc5140a5a4cf7fc309622ec,d7a10e32fc3f9b00a035bd5629af8f5a837a2aecb782a4f67133b868bd3d1fe0,confident_false_negative,1,0,0.0004080511280335,17,0.0,True,Praise expressed by rejecting a low rating,"[""their food is just too good to disrespect with a 2 star review""]",The writer dislikes the ordering process but says the food is too good to deserve a two-star review. The negative prediction may reflect the complaint and low-rating phrase without capturing that the writer is rejecting that low rating.,"Add label-checked training examples that reject low ratings, then compare macro-F1 on a corresponding validation slice.",AI_ASSISTED_NOT_STUDENT_REVIEW
yelp:test:21215,dilated_cnn,f3883a005a369ef495c99bebe3cd51c4a7858c3f58121b6dbcfecee341dd8ac2,db3b88ac0c805e2fd3150b2e1799fcc9c38e525b171581352911fc75b027e7d3,d7a10e32fc3f9b00a035bd5629af8f5a837a2aecb782a4f67133b868bd3d1fe0,confident_false_negative,1,0,0.0007303091697394,100,0.0,True,Criticism of patrons while supporting staff,"[""the bartender was very cordial"", ""had mind to do the right thing""]","The writer condemns the parents and their unsupervised children, then praises the bartender for handling the situation. The negative prediction may confuse criticism of other customers with criticism of the business. The closing approval is present in the input.",Add reviewed training examples distinguishing customer behavior from staff behavior; compare validation macro-F1 on that distinction.,AI_ASSISTED_NOT_STUDENT_REVIEW
yelp:test:10845,dilated_cnn,f3883a005a369ef495c99bebe3cd51c4a7858c3f58121b6dbcfecee341dd8ac2,d495d8dd70234ff053951269b7023b3bc11d4660a8c6746d0b2baf72a9b90da8,d7a10e32fc3f9b00a035bd5629af8f5a837a2aecb782a4f67133b868bd3d1fe0,confident_false_negative,1,0,0.0010603424161672,13,0.0,True,Missing favorite product with unclear overall rating,"[""they don't have the fresh baked pecan chocolate chip cookies anymore""]",The writer angrily complains that a particular cookie is no longer available. This suggests appreciation for the product but gives little direct praise for the current business experience. The supplied positive label is difficult to explain from this short text alone.,Audit comparable training reviews for product-versus-business sentiment; compare validation macro-F1 after documented training-only label-quality improvements.,AI_ASSISTED_NOT_STUDENT_REVIEW
yelp:test:11322,dilated_cnn,f3883a005a369ef495c99bebe3cd51c4a7858c3f58121b6dbcfecee341dd8ac2,e290326ef9c5ad4172d64eb9b7703bbeeae7e7de5473f617a28b1554c3699f18,d7a10e32fc3f9b00a035bd5629af8f5a837a2aecb782a4f67133b868bd3d1fe0,near_threshold,1,0,0.4997214376926422,116,0.0086206896551724,True,Mixed satisfaction close to the decision threshold,"[""The food is consistently good"", ""can't seem to give them five stars""]","The review praises consistent food, service and atmosphere but says the restaurant is not especially memorable. Its positive probability is just below 0.5. The error reflects a close decision on mixed sentiment, rather than an obvious missing complaint or recommendation.",Add reviewed mixed-sentiment training examples and compare validation macro-F1 while keeping the decision threshold fixed at 0.5.,AI_ASSISTED_NOT_STUDENT_REVIEW
yelp:test:2116,dilated_cnn,f3883a005a369ef495c99bebe3cd51c4a7858c3f58121b6dbcfecee341dd8ac2,74fbf7d3199675dec1e349a99709bcc5f693092c8d57cbde7c5ba6dc855bc9d3,d7a10e32fc3f9b00a035bd5629af8f5a837a2aecb782a4f67133b868bd3d1fe0,near_threshold,0,1,0.5003246665000916,22,0.0,False,Polite wording around a missed appointment,"[""would've shown up"", ""wait around thinking""]","The writer says an estimate would have been appreciated if the worker had arrived, then complains about wasted time. The wording expresses a missed appointment, not gratitude. The barely positive prediction may miss that distinction in the conditional phrasing.",Add label-checked missed-appointment examples with polite wording to training; compare macro-F1 on a matching validation slice.,AI_ASSISTED_NOT_STUDENT_REVIEW
yelp:test:17408,dilated_cnn,f3883a005a369ef495c99bebe3cd51c4a7858c3f58121b6dbcfecee341dd8ac2,0a7dbe6e0b0b99ae287e580fed47afe98c6c4cc4bf8cad649d4f33334d05f6a6,d7a10e32fc3f9b00a035bd5629af8f5a837a2aecb782a4f67133b868bd3d1fe0,near_threshold,0,1,0.5003931522369385,192,0.0052083333333333,True,Mall complaints mixed with praise for an alternative,"[""WHO BUILDS AN OUTDOOR MALL IN THE MIDDLE OF THE FREAKIN' DESERT!"", ""the best part of my trip to this mall was leaving""]","The review criticizes the outdoor heat, confusing layout and poorly equipped play area. Positive wording describes expectations, isolated amenities and a different store visited afterward. The slightly positive prediction may combine these details without following the negative assessment of the mall.",Add reviewed training examples that praise alternatives while criticizing the reviewed business; compare validation macro-F1 on similar contrasts.,AI_ASSISTED_NOT_STUDENT_REVIEW
yelp:test:19294,dilated_cnn,f3883a005a369ef495c99bebe3cd51c4a7858c3f58121b6dbcfecee341dd8ac2,253a11c47db3f218bb80a70b004ee8e5b7937087000006746b1f918dbaa22d2f,d7a10e32fc3f9b00a035bd5629af8f5a837a2aecb782a4f67133b868bd3d1fe0,near_threshold,0,1,0.5021726489067078,49,0.0,True,Sarcasm expressed through apparently positive phrases,"[""If you like bad chinese food, you'll love this place."", ""Have fun tonight, indeed.""]","The opening says people who like bad food will love this restaurant. Later, a fortune-cookie message is repeated after a stomach complaint. These apparently positive phrases are sarcastic in context, which may help explain the slightly positive prediction.",Add label-checked sarcastic praise examples to training and compare macro-F1 on a separate validation sarcasm slice.,AI_ASSISTED_NOT_STUDENT_REVIEW
yelp:test:13231,dilated_cnn,f3883a005a369ef495c99bebe3cd51c4a7858c3f58121b6dbcfecee341dd8ac2,b9f52927ae40101576cf471ecc674477b9d062cb1ec9e9f8b4afffbda39b8db4,d7a10e32fc3f9b00a035bd5629af8f5a837a2aecb782a4f67133b868bd3d1fe0,near_threshold,0,1,0.5025108456611633,124,0.0161290322580645,True,Good facilities outweighed by a poor viewing experience,"[""There are plenty of downsides, though."", ""There are plenty of better megaplexes around here.""]","The writer likes the seating and prices but criticizes noise, staff inaction and distracting light. The ending recommends other theaters. The positive prediction may give too much weight to the favorable opening relative to the complaints and final recommendation.",Add reviewed facility-versus-service contrasts to training; compare macro-F1 on matching validation reviews and the full validation set.,AI_ASSISTED_NOT_STUDENT_REVIEW
yelp:test:4664,dilated_cnn,f3883a005a369ef495c99bebe3cd51c4a7858c3f58121b6dbcfecee341dd8ac2,c5e5f33ce4c8e9d0da81e1eebad059f752a408b6440493af43f60d70e10a720a,d7a10e32fc3f9b00a035bd5629af8f5a837a2aecb782a4f67133b868bd3d1fe0,long_review_slice,0,1,0.9944770932197572,570,0.0105263157894736,True,Positive first visit and an omitted negative ending,"[""two completely different restaurants"", ""Zero stars."", ""go somewhere else.""]","The first visit receives enthusiastic praise, while the second involves long waits and poor service. The zero-star judgment and advice to go elsewhere fall beyond the 384-token limit. Missing that conclusion may contribute, although several complaints remain visible.",Train with a 288-token beginning and 96-token ending; compare long-review validation macro-F1 with prefix-only input.,AI_ASSISTED_NOT_STUDENT_REVIEW
yelp:test:9911,dilated_cnn,f3883a005a369ef495c99bebe3cd51c4a7858c3f58121b6dbcfecee341dd8ac2,dbe6536d59b6d8799a267f3ba4512033f319efbd8b7cc290363d872b20e297de,d7a10e32fc3f9b00a035bd5629af8f5a837a2aecb782a4f67133b868bd3d1fe0,long_review_slice,1,0,0.0047104083932936,563,0.0159857904085257,True,Late praise for staff falls outside the input,"[""brand new penthouse"", ""These people really made our trip memorable""]","The review includes complaints about prices, dining and staff, followed by praise for a manager arranging a better room. That resolution and the memorable-trip conclusion fall beyond the input limit. Their omission may make the retained review appear more negative.",Train with a 288-token beginning and 96-token ending; compare validation macro-F1 on long reviews describing a resolved problem.,AI_ASSISTED_NOT_STUDENT_REVIEW
yelp:test:37318,dilated_cnn,f3883a005a369ef495c99bebe3cd51c4a7858c3f58121b6dbcfecee341dd8ac2,7953ae828599417e76cbd33ab6462821f20891e38b8910e19d48dfcadd838f0a,d7a10e32fc3f9b00a035bd5629af8f5a837a2aecb782a4f67133b868bd3d1fe0,long_review_slice,0,1,0.7886894345283508,561,0.0231729055258467,True,Anticipation and staff praise within a negative review,"[""i was super excited"", ""YU SHOuld not go to this place."", ""The only thing elevated about this place is the price.""]","The writer praises an imagined meal and some staff, then describes disappointing food, prices and management. The input loses the final price criticism and recommendation. Earlier complaints are still present, so omitted context and mixed opinions are both plausible contributors.","Compare beginning-plus-ending and prefix-only training at the same token budget, using macro-F1 on long validation reviews.",AI_ASSISTED_NOT_STUDENT_REVIEW
yelp:test:29374,dilated_cnn,f3883a005a369ef495c99bebe3cd51c4a7858c3f58121b6dbcfecee341dd8ac2,6bd65f46fcb63974d593212f07d7c385132da1b1672dc8d8a2cd87bafc372308,d7a10e32fc3f9b00a035bd5629af8f5a837a2aecb782a4f67133b868bd3d1fe0,long_review_slice,0,1,0.6139810085296631,547,0.0091407678244972,True,Food praise alongside worsening service complaints,"[""Even the best food and atmosphere can taste horrendous"", ""There ARE better AYCE in town""]","The writer likes some dishes but describes delays, mishandled food and a dismissive manager. The closing recommendation of better alternatives falls outside the input limit. Losing that ending may weaken the negative judgment, though substantial complaints remain in the retained text.",Train with a 256-token beginning and 128-token ending; compare long-review validation macro-F1 against the existing prefix-only model.,AI_ASSISTED_NOT_STUDENT_REVIEW
yelp:test:9919,dilated_cnn,f3883a005a369ef495c99bebe3cd51c4a7858c3f58121b6dbcfecee341dd8ac2,889bc9a2e7550c4a9679706baed1d9e1eaf4cfe97d5b12f5d815f76883e14ff8,d7a10e32fc3f9b00a035bd5629af8f5a837a2aecb782a4f67133b868bd3d1fe0,long_review_slice,1,0,0.0301885325461626,536,0.0223880597014925,True,Hotel complaints followed by praise for emergency help,"[""their great treatment of dumbass me merited another star"", ""they were all VERY nice to me."", ""THAT'S SERVICE.""]","The writer lists hotel problems but raises the rating because staff helped after an injury. Most details of that help and the final service praise exceed the input limit. The opening already mentions the higher rating, so truncation is only a possible contributor.",Train with a 256-token beginning and 128-token ending; compare validation macro-F1 on long reviews containing later staff praise.,AI_ASSISTED_NOT_STUDENT_REVIEW
