model,split,metric,value,status,run_id,checkpoint
character_gpt,train,cross_entropy,0.7982889897931843,measured_full_run,reproducibility/raw_logs/srinidhi/desktop-20261001/part1-full,task1_llm/srinidhi/checkpoints/best.pt
character_gpt,train,perplexity,2.2217362610887097,measured_full_run,reproducibility/raw_logs/srinidhi/desktop-20261001/part1-full,task1_llm/srinidhi/checkpoints/best.pt
character_gpt,train,bits_per_character,1.1516875667708875,measured_full_run,reproducibility/raw_logs/srinidhi/desktop-20261001/part1-full,task1_llm/srinidhi/checkpoints/best.pt
character_gpt,train,next_character_accuracy,0.7486860002245944,measured_full_run,reproducibility/raw_logs/srinidhi/desktop-20261001/part1-full,task1_llm/srinidhi/checkpoints/best.pt
character_gpt,train,scored_targets_including_eos,89574787,measured_full_run,reproducibility/raw_logs/srinidhi/desktop-20261001/part1-full,task1_llm/srinidhi/checkpoints/best.pt
character_gpt,validation,cross_entropy,0.7211012821932281,measured_full_run,reproducibility/raw_logs/srinidhi/desktop-20261001/part1-full,task1_llm/srinidhi/checkpoints/best.pt
character_gpt,validation,perplexity,2.0566969676447893,measured_full_run,reproducibility/raw_logs/srinidhi/desktop-20261001/part1-full,task1_llm/srinidhi/checkpoints/best.pt
character_gpt,validation,bits_per_character,1.0403292437988432,measured_full_run,reproducibility/raw_logs/srinidhi/desktop-20261001/part1-full,task1_llm/srinidhi/checkpoints/best.pt
character_gpt,validation,next_character_accuracy,0.7731199198357348,measured_full_run,reproducibility/raw_logs/srinidhi/desktop-20261001/part1-full,task1_llm/srinidhi/checkpoints/best.pt
character_gpt,validation,scored_targets_including_eos,8718099,measured_full_run,reproducibility/raw_logs/srinidhi/desktop-20261001/part1-full,task1_llm/srinidhi/checkpoints/best.pt
character_gpt,selected_epoch,generalization_gap_cross_entropy,-0.07718770759995619,measured_full_run,reproducibility/raw_logs/srinidhi/desktop-20261001/part1-full,task1_llm/srinidhi/checkpoints/best.pt
character_gpt,selected_epoch,mean_gradient_norm_before_clipping,0.30801482295317956,measured_full_run,reproducibility/raw_logs/srinidhi/desktop-20261001/part1-full,task1_llm/srinidhi/checkpoints/best.pt
character_gpt,logged_steps,maximum_gradient_norm_before_clipping,2.4407811164855957,measured_full_run,reproducibility/raw_logs/srinidhi/desktop-20261001/part1-full,task1_llm/srinidhi/checkpoints/best.pt
character_gpt,logged_steps,loss_increases_over_0.5_from_previous_logged_step,0,measured_full_run,reproducibility/raw_logs/srinidhi/desktop-20261001/part1-full,task1_llm/srinidhi/checkpoints/best.pt
character_gpt,training,detected_nonfinite_failures,0,measured_full_run,reproducibility/raw_logs/srinidhi/desktop-20261001/part1-full,task1_llm/srinidhi/checkpoints/best.pt
character_gpt,run,parameter_count,1427904,measured_full_run,reproducibility/raw_logs/srinidhi/desktop-20261001/part1-full,task1_llm/srinidhi/checkpoints/best.pt
character_gpt,run,training_targets_per_second,1185934.3028740296,measured_full_run,reproducibility/raw_logs/srinidhi/desktop-20261001/part1-full,task1_llm/srinidhi/checkpoints/best.pt
character_gpt,run,total_training_seconds,906.3718297000605,measured_full_run,reproducibility/raw_logs/srinidhi/desktop-20261001/part1-full,task1_llm/srinidhi/checkpoints/best.pt
character_gpt,run,elapsed_seconds_including_prior_sessions,1099.3714745000007,measured_full_run,reproducibility/raw_logs/srinidhi/desktop-20261001/part1-full,task1_llm/srinidhi/checkpoints/best.pt
character_gpt,run,generation_tokens_per_second,388.0899558557626,measured_full_run,reproducibility/raw_logs/srinidhi/desktop-20261001/part1-full,task1_llm/srinidhi/checkpoints/best.pt
character_gpt,run,cuda_peak_allocated_mb,4098.80517578125,measured_full_run,reproducibility/raw_logs/srinidhi/desktop-20261001/part1-full,task1_llm/srinidhi/checkpoints/best.pt
character_gpt,run,host_peak_rss_mb,2672.625,measured_full_run,reproducibility/raw_logs/srinidhi/desktop-20261001/part1-full,task1_llm/srinidhi/checkpoints/best.pt
character_gpt,greedy,distinct_1,0.24573378839590443,measured_full_run,reproducibility/raw_logs/srinidhi/desktop-20261001/part1-full,task1_llm/srinidhi/checkpoints/best.pt
character_gpt,greedy,total_1grams,293,measured_full_run,reproducibility/raw_logs/srinidhi/desktop-20261001/part1-full,task1_llm/srinidhi/checkpoints/best.pt
character_gpt,greedy,distinct_2,0.5104166666666666,measured_full_run,reproducibility/raw_logs/srinidhi/desktop-20261001/part1-full,task1_llm/srinidhi/checkpoints/best.pt
character_gpt,greedy,total_2grams,288,measured_full_run,reproducibility/raw_logs/srinidhi/desktop-20261001/part1-full,task1_llm/srinidhi/checkpoints/best.pt
character_gpt,greedy,distinct_3,0.6678445229681979,measured_full_run,reproducibility/raw_logs/srinidhi/desktop-20261001/part1-full,task1_llm/srinidhi/checkpoints/best.pt
character_gpt,greedy,total_3grams,283,measured_full_run,reproducibility/raw_logs/srinidhi/desktop-20261001/part1-full,task1_llm/srinidhi/checkpoints/best.pt
character_gpt,greedy,repeated_4gram_fraction,0.24820143884892087,measured_full_run,reproducibility/raw_logs/srinidhi/desktop-20261001/part1-full,task1_llm/srinidhi/checkpoints/best.pt
character_gpt,greedy,total_4grams,278,measured_full_run,reproducibility/raw_logs/srinidhi/desktop-20261001/part1-full,task1_llm/srinidhi/checkpoints/best.pt
character_gpt,sampled,distinct_1,0.4659090909090909,measured_full_run,reproducibility/raw_logs/srinidhi/desktop-20261001/part1-full,task1_llm/srinidhi/checkpoints/best.pt
character_gpt,sampled,total_1grams,264,measured_full_run,reproducibility/raw_logs/srinidhi/desktop-20261001/part1-full,task1_llm/srinidhi/checkpoints/best.pt
character_gpt,sampled,distinct_2,0.8455598455598455,measured_full_run,reproducibility/raw_logs/srinidhi/desktop-20261001/part1-full,task1_llm/srinidhi/checkpoints/best.pt
character_gpt,sampled,total_2grams,259,measured_full_run,reproducibility/raw_logs/srinidhi/desktop-20261001/part1-full,task1_llm/srinidhi/checkpoints/best.pt
character_gpt,sampled,distinct_3,0.937007874015748,measured_full_run,reproducibility/raw_logs/srinidhi/desktop-20261001/part1-full,task1_llm/srinidhi/checkpoints/best.pt
character_gpt,sampled,total_3grams,254,measured_full_run,reproducibility/raw_logs/srinidhi/desktop-20261001/part1-full,task1_llm/srinidhi/checkpoints/best.pt
character_gpt,sampled,repeated_4gram_fraction,0.028112449799196804,measured_full_run,reproducibility/raw_logs/srinidhi/desktop-20261001/part1-full,task1_llm/srinidhi/checkpoints/best.pt
character_gpt,sampled,total_4grams,249,measured_full_run,reproducibility/raw_logs/srinidhi/desktop-20261001/part1-full,task1_llm/srinidhi/checkpoints/best.pt
