model,split,metric,value,status,run_id,evaluation_run_id,checkpoint,source_checkpoint,training_config,training_cpu,training_cpu_source,training_gpu
maxpool_mlp,test,accuracy,0.931921052631579,measured_full_test_selected_model,reproducibility/raw_logs/srinidhi/desktop-20261001/part2-full/training/maxpool_mlp,reproducibility/raw_logs/srinidhi/desktop-20261001/part2-full/selected,task2_sentiment/srinidhi/checkpoints/maxpool_mlp/best.pt,reproducibility/raw_logs/srinidhi/desktop-20261001/part2-full/training/maxpool_mlp/maxpool_mlp/checkpoints/best.pt,task2_sentiment/srinidhi/outputs/full/maxpool_mlp/training_config.json,Intel(R) Core(TM) Ultra 9 285K,training provenance,NVIDIA GeForce RTX 5090
maxpool_mlp,test,confusion_matrix,"[[17859, 1141], [1446, 17554]]",measured_full_test_selected_model,reproducibility/raw_logs/srinidhi/desktop-20261001/part2-full/training/maxpool_mlp,reproducibility/raw_logs/srinidhi/desktop-20261001/part2-full/selected,task2_sentiment/srinidhi/checkpoints/maxpool_mlp/best.pt,reproducibility/raw_logs/srinidhi/desktop-20261001/part2-full/training/maxpool_mlp/maxpool_mlp/checkpoints/best.pt,task2_sentiment/srinidhi/outputs/full/maxpool_mlp/training_config.json,Intel(R) Core(TM) Ultra 9 285K,training provenance,NVIDIA GeForce RTX 5090
maxpool_mlp,test,roc_auc,0.981636984764543,measured_full_test_selected_model,reproducibility/raw_logs/srinidhi/desktop-20261001/part2-full/training/maxpool_mlp,reproducibility/raw_logs/srinidhi/desktop-20261001/part2-full/selected,task2_sentiment/srinidhi/checkpoints/maxpool_mlp/best.pt,reproducibility/raw_logs/srinidhi/desktop-20261001/part2-full/training/maxpool_mlp/maxpool_mlp/checkpoints/best.pt,task2_sentiment/srinidhi/outputs/full/maxpool_mlp/training_config.json,Intel(R) Core(TM) Ultra 9 285K,training provenance,NVIDIA GeForce RTX 5090
maxpool_mlp,test,pr_auc_trapezoidal,0.9823718971902946,measured_full_test_selected_model,reproducibility/raw_logs/srinidhi/desktop-20261001/part2-full/training/maxpool_mlp,reproducibility/raw_logs/srinidhi/desktop-20261001/part2-full/selected,task2_sentiment/srinidhi/checkpoints/maxpool_mlp/best.pt,reproducibility/raw_logs/srinidhi/desktop-20261001/part2-full/training/maxpool_mlp/maxpool_mlp/checkpoints/best.pt,task2_sentiment/srinidhi/outputs/full/maxpool_mlp/training_config.json,Intel(R) Core(TM) Ultra 9 285K,training provenance,NVIDIA GeForce RTX 5090
maxpool_mlp,test,mcc,0.8639534272101965,measured_full_test_selected_model,reproducibility/raw_logs/srinidhi/desktop-20261001/part2-full/training/maxpool_mlp,reproducibility/raw_logs/srinidhi/desktop-20261001/part2-full/selected,task2_sentiment/srinidhi/checkpoints/maxpool_mlp/best.pt,reproducibility/raw_logs/srinidhi/desktop-20261001/part2-full/training/maxpool_mlp/maxpool_mlp/checkpoints/best.pt,task2_sentiment/srinidhi/outputs/full/maxpool_mlp/training_config.json,Intel(R) Core(TM) Ultra 9 285K,training provenance,NVIDIA GeForce RTX 5090
maxpool_mlp,test,brier,0.05284625926707595,measured_full_test_selected_model,reproducibility/raw_logs/srinidhi/desktop-20261001/part2-full/training/maxpool_mlp,reproducibility/raw_logs/srinidhi/desktop-20261001/part2-full/selected,task2_sentiment/srinidhi/checkpoints/maxpool_mlp/best.pt,reproducibility/raw_logs/srinidhi/desktop-20261001/part2-full/training/maxpool_mlp/maxpool_mlp/checkpoints/best.pt,task2_sentiment/srinidhi/outputs/full/maxpool_mlp/training_config.json,Intel(R) Core(TM) Ultra 9 285K,training provenance,NVIDIA GeForce RTX 5090
maxpool_mlp,test,ece_15,0.027213658512513353,measured_full_test_selected_model,reproducibility/raw_logs/srinidhi/desktop-20261001/part2-full/training/maxpool_mlp,reproducibility/raw_logs/srinidhi/desktop-20261001/part2-full/selected,task2_sentiment/srinidhi/checkpoints/maxpool_mlp/best.pt,reproducibility/raw_logs/srinidhi/desktop-20261001/part2-full/training/maxpool_mlp/maxpool_mlp/checkpoints/best.pt,task2_sentiment/srinidhi/outputs/full/maxpool_mlp/training_config.json,Intel(R) Core(TM) Ultra 9 285K,training provenance,NVIDIA GeForce RTX 5090
maxpool_mlp,test,test_loss,0.18780950866247478,measured_full_test_selected_model,reproducibility/raw_logs/srinidhi/desktop-20261001/part2-full/training/maxpool_mlp,reproducibility/raw_logs/srinidhi/desktop-20261001/part2-full/selected,task2_sentiment/srinidhi/checkpoints/maxpool_mlp/best.pt,reproducibility/raw_logs/srinidhi/desktop-20261001/part2-full/training/maxpool_mlp/maxpool_mlp/checkpoints/best.pt,task2_sentiment/srinidhi/outputs/full/maxpool_mlp/training_config.json,Intel(R) Core(TM) Ultra 9 285K,training provenance,NVIDIA GeForce RTX 5090
maxpool_mlp,test,macro_precision,0.932032381751558,measured_full_test_selected_model,reproducibility/raw_logs/srinidhi/desktop-20261001/part2-full/training/maxpool_mlp,reproducibility/raw_logs/srinidhi/desktop-20261001/part2-full/selected,task2_sentiment/srinidhi/checkpoints/maxpool_mlp/best.pt,reproducibility/raw_logs/srinidhi/desktop-20261001/part2-full/training/maxpool_mlp/maxpool_mlp/checkpoints/best.pt,task2_sentiment/srinidhi/outputs/full/maxpool_mlp/training_config.json,Intel(R) Core(TM) Ultra 9 285K,training provenance,NVIDIA GeForce RTX 5090
maxpool_mlp,test,macro_recall,0.9319210526315789,measured_full_test_selected_model,reproducibility/raw_logs/srinidhi/desktop-20261001/part2-full/training/maxpool_mlp,reproducibility/raw_logs/srinidhi/desktop-20261001/part2-full/selected,task2_sentiment/srinidhi/checkpoints/maxpool_mlp/best.pt,reproducibility/raw_logs/srinidhi/desktop-20261001/part2-full/training/maxpool_mlp/maxpool_mlp/checkpoints/best.pt,task2_sentiment/srinidhi/outputs/full/maxpool_mlp/training_config.json,Intel(R) Core(TM) Ultra 9 285K,training provenance,NVIDIA GeForce RTX 5090
maxpool_mlp,test,macro_f1,0.9319166665844245,measured_full_test_selected_model,reproducibility/raw_logs/srinidhi/desktop-20261001/part2-full/training/maxpool_mlp,reproducibility/raw_logs/srinidhi/desktop-20261001/part2-full/selected,task2_sentiment/srinidhi/checkpoints/maxpool_mlp/best.pt,reproducibility/raw_logs/srinidhi/desktop-20261001/part2-full/training/maxpool_mlp/maxpool_mlp/checkpoints/best.pt,task2_sentiment/srinidhi/outputs/full/maxpool_mlp/training_config.json,Intel(R) Core(TM) Ultra 9 285K,training provenance,NVIDIA GeForce RTX 5090
maxpool_mlp,test,micro_precision,0.931921052631579,measured_full_test_selected_model,reproducibility/raw_logs/srinidhi/desktop-20261001/part2-full/training/maxpool_mlp,reproducibility/raw_logs/srinidhi/desktop-20261001/part2-full/selected,task2_sentiment/srinidhi/checkpoints/maxpool_mlp/best.pt,reproducibility/raw_logs/srinidhi/desktop-20261001/part2-full/training/maxpool_mlp/maxpool_mlp/checkpoints/best.pt,task2_sentiment/srinidhi/outputs/full/maxpool_mlp/training_config.json,Intel(R) Core(TM) Ultra 9 285K,training provenance,NVIDIA GeForce RTX 5090
maxpool_mlp,test,micro_recall,0.931921052631579,measured_full_test_selected_model,reproducibility/raw_logs/srinidhi/desktop-20261001/part2-full/training/maxpool_mlp,reproducibility/raw_logs/srinidhi/desktop-20261001/part2-full/selected,task2_sentiment/srinidhi/checkpoints/maxpool_mlp/best.pt,reproducibility/raw_logs/srinidhi/desktop-20261001/part2-full/training/maxpool_mlp/maxpool_mlp/checkpoints/best.pt,task2_sentiment/srinidhi/outputs/full/maxpool_mlp/training_config.json,Intel(R) Core(TM) Ultra 9 285K,training provenance,NVIDIA GeForce RTX 5090
maxpool_mlp,test,micro_f1,0.931921052631579,measured_full_test_selected_model,reproducibility/raw_logs/srinidhi/desktop-20261001/part2-full/training/maxpool_mlp,reproducibility/raw_logs/srinidhi/desktop-20261001/part2-full/selected,task2_sentiment/srinidhi/checkpoints/maxpool_mlp/best.pt,reproducibility/raw_logs/srinidhi/desktop-20261001/part2-full/training/maxpool_mlp/maxpool_mlp/checkpoints/best.pt,task2_sentiment/srinidhi/outputs/full/maxpool_mlp/training_config.json,Intel(R) Core(TM) Ultra 9 285K,training provenance,NVIDIA GeForce RTX 5090
maxpool_mlp,test,weighted_precision,0.9320323817515581,measured_full_test_selected_model,reproducibility/raw_logs/srinidhi/desktop-20261001/part2-full/training/maxpool_mlp,reproducibility/raw_logs/srinidhi/desktop-20261001/part2-full/selected,task2_sentiment/srinidhi/checkpoints/maxpool_mlp/best.pt,reproducibility/raw_logs/srinidhi/desktop-20261001/part2-full/training/maxpool_mlp/maxpool_mlp/checkpoints/best.pt,task2_sentiment/srinidhi/outputs/full/maxpool_mlp/training_config.json,Intel(R) Core(TM) Ultra 9 285K,training provenance,NVIDIA GeForce RTX 5090
maxpool_mlp,test,weighted_recall,0.931921052631579,measured_full_test_selected_model,reproducibility/raw_logs/srinidhi/desktop-20261001/part2-full/training/maxpool_mlp,reproducibility/raw_logs/srinidhi/desktop-20261001/part2-full/selected,task2_sentiment/srinidhi/checkpoints/maxpool_mlp/best.pt,reproducibility/raw_logs/srinidhi/desktop-20261001/part2-full/training/maxpool_mlp/maxpool_mlp/checkpoints/best.pt,task2_sentiment/srinidhi/outputs/full/maxpool_mlp/training_config.json,Intel(R) Core(TM) Ultra 9 285K,training provenance,NVIDIA GeForce RTX 5090
maxpool_mlp,test,weighted_f1,0.9319166665844245,measured_full_test_selected_model,reproducibility/raw_logs/srinidhi/desktop-20261001/part2-full/training/maxpool_mlp,reproducibility/raw_logs/srinidhi/desktop-20261001/part2-full/selected,task2_sentiment/srinidhi/checkpoints/maxpool_mlp/best.pt,reproducibility/raw_logs/srinidhi/desktop-20261001/part2-full/training/maxpool_mlp/maxpool_mlp/checkpoints/best.pt,task2_sentiment/srinidhi/outputs/full/maxpool_mlp/training_config.json,Intel(R) Core(TM) Ultra 9 285K,training provenance,NVIDIA GeForce RTX 5090
maxpool_mlp,test,accuracy_95ci_low,0.9292105263157895,measured_full_test_selected_model,reproducibility/raw_logs/srinidhi/desktop-20261001/part2-full/training/maxpool_mlp,reproducibility/raw_logs/srinidhi/desktop-20261001/part2-full/selected,task2_sentiment/srinidhi/checkpoints/maxpool_mlp/best.pt,reproducibility/raw_logs/srinidhi/desktop-20261001/part2-full/training/maxpool_mlp/maxpool_mlp/checkpoints/best.pt,task2_sentiment/srinidhi/outputs/full/maxpool_mlp/training_config.json,Intel(R) Core(TM) Ultra 9 285K,training provenance,NVIDIA GeForce RTX 5090
maxpool_mlp,test,accuracy_95ci_high,0.9345,measured_full_test_selected_model,reproducibility/raw_logs/srinidhi/desktop-20261001/part2-full/training/maxpool_mlp,reproducibility/raw_logs/srinidhi/desktop-20261001/part2-full/selected,task2_sentiment/srinidhi/checkpoints/maxpool_mlp/best.pt,reproducibility/raw_logs/srinidhi/desktop-20261001/part2-full/training/maxpool_mlp/maxpool_mlp/checkpoints/best.pt,task2_sentiment/srinidhi/outputs/full/maxpool_mlp/training_config.json,Intel(R) Core(TM) Ultra 9 285K,training provenance,NVIDIA GeForce RTX 5090
maxpool_mlp,test,macro_f1_95ci_low,0.9292072061957165,measured_full_test_selected_model,reproducibility/raw_logs/srinidhi/desktop-20261001/part2-full/training/maxpool_mlp,reproducibility/raw_logs/srinidhi/desktop-20261001/part2-full/selected,task2_sentiment/srinidhi/checkpoints/maxpool_mlp/best.pt,reproducibility/raw_logs/srinidhi/desktop-20261001/part2-full/training/maxpool_mlp/maxpool_mlp/checkpoints/best.pt,task2_sentiment/srinidhi/outputs/full/maxpool_mlp/training_config.json,Intel(R) Core(TM) Ultra 9 285K,training provenance,NVIDIA GeForce RTX 5090
maxpool_mlp,test,macro_f1_95ci_high,0.9344881732571072,measured_full_test_selected_model,reproducibility/raw_logs/srinidhi/desktop-20261001/part2-full/training/maxpool_mlp,reproducibility/raw_logs/srinidhi/desktop-20261001/part2-full/selected,task2_sentiment/srinidhi/checkpoints/maxpool_mlp/best.pt,reproducibility/raw_logs/srinidhi/desktop-20261001/part2-full/training/maxpool_mlp/maxpool_mlp/checkpoints/best.pt,task2_sentiment/srinidhi/outputs/full/maxpool_mlp/training_config.json,Intel(R) Core(TM) Ultra 9 285K,training provenance,NVIDIA GeForce RTX 5090
maxpool_mlp,test,mcc_95ci_low,0.8586106567943932,measured_full_test_selected_model,reproducibility/raw_logs/srinidhi/desktop-20261001/part2-full/training/maxpool_mlp,reproducibility/raw_logs/srinidhi/desktop-20261001/part2-full/selected,task2_sentiment/srinidhi/checkpoints/maxpool_mlp/best.pt,reproducibility/raw_logs/srinidhi/desktop-20261001/part2-full/training/maxpool_mlp/maxpool_mlp/checkpoints/best.pt,task2_sentiment/srinidhi/outputs/full/maxpool_mlp/training_config.json,Intel(R) Core(TM) Ultra 9 285K,training provenance,NVIDIA GeForce RTX 5090
maxpool_mlp,test,mcc_95ci_high,0.8691249795358135,measured_full_test_selected_model,reproducibility/raw_logs/srinidhi/desktop-20261001/part2-full/training/maxpool_mlp,reproducibility/raw_logs/srinidhi/desktop-20261001/part2-full/selected,task2_sentiment/srinidhi/checkpoints/maxpool_mlp/best.pt,reproducibility/raw_logs/srinidhi/desktop-20261001/part2-full/training/maxpool_mlp/maxpool_mlp/checkpoints/best.pt,task2_sentiment/srinidhi/outputs/full/maxpool_mlp/training_config.json,Intel(R) Core(TM) Ultra 9 285K,training provenance,NVIDIA GeForce RTX 5090
maxpool_mlp,training,parameter_count,5128321,measured_full_test_selected_model,reproducibility/raw_logs/srinidhi/desktop-20261001/part2-full/training/maxpool_mlp,reproducibility/raw_logs/srinidhi/desktop-20261001/part2-full/selected,task2_sentiment/srinidhi/checkpoints/maxpool_mlp/best.pt,reproducibility/raw_logs/srinidhi/desktop-20261001/part2-full/training/maxpool_mlp/maxpool_mlp/checkpoints/best.pt,task2_sentiment/srinidhi/outputs/full/maxpool_mlp/training_config.json,Intel(R) Core(TM) Ultra 9 285K,training provenance,NVIDIA GeForce RTX 5090
maxpool_mlp,training,train_seconds,86.92748030000439,measured_full_test_selected_model,reproducibility/raw_logs/srinidhi/desktop-20261001/part2-full/training/maxpool_mlp,reproducibility/raw_logs/srinidhi/desktop-20261001/part2-full/selected,task2_sentiment/srinidhi/checkpoints/maxpool_mlp/best.pt,reproducibility/raw_logs/srinidhi/desktop-20261001/part2-full/training/maxpool_mlp/maxpool_mlp/checkpoints/best.pt,task2_sentiment/srinidhi/outputs/full/maxpool_mlp/training_config.json,Intel(R) Core(TM) Ultra 9 285K,training provenance,NVIDIA GeForce RTX 5090
maxpool_mlp,training,peak_cuda_memory_bytes,162652160,measured_full_test_selected_model,reproducibility/raw_logs/srinidhi/desktop-20261001/part2-full/training/maxpool_mlp,reproducibility/raw_logs/srinidhi/desktop-20261001/part2-full/selected,task2_sentiment/srinidhi/checkpoints/maxpool_mlp/best.pt,reproducibility/raw_logs/srinidhi/desktop-20261001/part2-full/training/maxpool_mlp/maxpool_mlp/checkpoints/best.pt,task2_sentiment/srinidhi/outputs/full/maxpool_mlp/training_config.json,Intel(R) Core(TM) Ultra 9 285K,training provenance,NVIDIA GeForce RTX 5090
maxpool_mlp,training,selected_epoch,5,measured_full_test_selected_model,reproducibility/raw_logs/srinidhi/desktop-20261001/part2-full/training/maxpool_mlp,reproducibility/raw_logs/srinidhi/desktop-20261001/part2-full/selected,task2_sentiment/srinidhi/checkpoints/maxpool_mlp/best.pt,reproducibility/raw_logs/srinidhi/desktop-20261001/part2-full/training/maxpool_mlp/maxpool_mlp/checkpoints/best.pt,task2_sentiment/srinidhi/outputs/full/maxpool_mlp/training_config.json,Intel(R) Core(TM) Ultra 9 285K,training provenance,NVIDIA GeForce RTX 5090
maxpool_mlp,training,selected_validation_macro_f1,0.9264224689043884,measured_full_test_selected_model,reproducibility/raw_logs/srinidhi/desktop-20261001/part2-full/training/maxpool_mlp,reproducibility/raw_logs/srinidhi/desktop-20261001/part2-full/selected,task2_sentiment/srinidhi/checkpoints/maxpool_mlp/best.pt,reproducibility/raw_logs/srinidhi/desktop-20261001/part2-full/training/maxpool_mlp/maxpool_mlp/checkpoints/best.pt,task2_sentiment/srinidhi/outputs/full/maxpool_mlp/training_config.json,Intel(R) Core(TM) Ultra 9 285K,training provenance,NVIDIA GeForce RTX 5090
maxpool_mlp,training,completed_training_steps,23628,measured_full_test_selected_model,reproducibility/raw_logs/srinidhi/desktop-20261001/part2-full/training/maxpool_mlp,reproducibility/raw_logs/srinidhi/desktop-20261001/part2-full/selected,task2_sentiment/srinidhi/checkpoints/maxpool_mlp/best.pt,reproducibility/raw_logs/srinidhi/desktop-20261001/part2-full/training/maxpool_mlp/maxpool_mlp/checkpoints/best.pt,task2_sentiment/srinidhi/outputs/full/maxpool_mlp/training_config.json,Intel(R) Core(TM) Ultra 9 285K,training provenance,NVIDIA GeForce RTX 5090
maxpool_mlp,training,peak_host_rss_bytes,3087147008,measured_full_test_selected_model,reproducibility/raw_logs/srinidhi/desktop-20261001/part2-full/training/maxpool_mlp,reproducibility/raw_logs/srinidhi/desktop-20261001/part2-full/selected,task2_sentiment/srinidhi/checkpoints/maxpool_mlp/best.pt,reproducibility/raw_logs/srinidhi/desktop-20261001/part2-full/training/maxpool_mlp/maxpool_mlp/checkpoints/best.pt,task2_sentiment/srinidhi/outputs/full/maxpool_mlp/training_config.json,Intel(R) Core(TM) Ultra 9 285K,training provenance,NVIDIA GeForce RTX 5090
maxpool_mlp,training,examples_per_second,34787.61824872367,measured_full_test_selected_model,reproducibility/raw_logs/srinidhi/desktop-20261001/part2-full/training/maxpool_mlp,reproducibility/raw_logs/srinidhi/desktop-20261001/part2-full/selected,task2_sentiment/srinidhi/checkpoints/maxpool_mlp/best.pt,reproducibility/raw_logs/srinidhi/desktop-20261001/part2-full/training/maxpool_mlp/maxpool_mlp/checkpoints/best.pt,task2_sentiment/srinidhi/outputs/full/maxpool_mlp/training_config.json,Intel(R) Core(TM) Ultra 9 285K,training provenance,NVIDIA GeForce RTX 5090
maxpool_mlp,length_lt50,support,15747,measured_full_test_selected_model,reproducibility/raw_logs/srinidhi/desktop-20261001/part2-full/training/maxpool_mlp,reproducibility/raw_logs/srinidhi/desktop-20261001/part2-full/selected,task2_sentiment/srinidhi/checkpoints/maxpool_mlp/best.pt,reproducibility/raw_logs/srinidhi/desktop-20261001/part2-full/training/maxpool_mlp/maxpool_mlp/checkpoints/best.pt,task2_sentiment/srinidhi/outputs/full/maxpool_mlp/training_config.json,Intel(R) Core(TM) Ultra 9 285K,training provenance,NVIDIA GeForce RTX 5090
maxpool_mlp,length_lt50,macro_f1,0.9310923813659959,measured_full_test_selected_model,reproducibility/raw_logs/srinidhi/desktop-20261001/part2-full/training/maxpool_mlp,reproducibility/raw_logs/srinidhi/desktop-20261001/part2-full/selected,task2_sentiment/srinidhi/checkpoints/maxpool_mlp/best.pt,reproducibility/raw_logs/srinidhi/desktop-20261001/part2-full/training/maxpool_mlp/maxpool_mlp/checkpoints/best.pt,task2_sentiment/srinidhi/outputs/full/maxpool_mlp/training_config.json,Intel(R) Core(TM) Ultra 9 285K,training provenance,NVIDIA GeForce RTX 5090
maxpool_mlp,length_lt50,error_rate,0.06744141741284049,measured_full_test_selected_model,reproducibility/raw_logs/srinidhi/desktop-20261001/part2-full/training/maxpool_mlp,reproducibility/raw_logs/srinidhi/desktop-20261001/part2-full/selected,task2_sentiment/srinidhi/checkpoints/maxpool_mlp/best.pt,reproducibility/raw_logs/srinidhi/desktop-20261001/part2-full/training/maxpool_mlp/maxpool_mlp/checkpoints/best.pt,task2_sentiment/srinidhi/outputs/full/maxpool_mlp/training_config.json,Intel(R) Core(TM) Ultra 9 285K,training provenance,NVIDIA GeForce RTX 5090
maxpool_mlp,length_50_199,support,19530,measured_full_test_selected_model,reproducibility/raw_logs/srinidhi/desktop-20261001/part2-full/training/maxpool_mlp,reproducibility/raw_logs/srinidhi/desktop-20261001/part2-full/selected,task2_sentiment/srinidhi/checkpoints/maxpool_mlp/best.pt,reproducibility/raw_logs/srinidhi/desktop-20261001/part2-full/training/maxpool_mlp/maxpool_mlp/checkpoints/best.pt,task2_sentiment/srinidhi/outputs/full/maxpool_mlp/training_config.json,Intel(R) Core(TM) Ultra 9 285K,training provenance,NVIDIA GeForce RTX 5090
maxpool_mlp,length_50_199,macro_f1,0.930495719450881,measured_full_test_selected_model,reproducibility/raw_logs/srinidhi/desktop-20261001/part2-full/training/maxpool_mlp,reproducibility/raw_logs/srinidhi/desktop-20261001/part2-full/selected,task2_sentiment/srinidhi/checkpoints/maxpool_mlp/best.pt,reproducibility/raw_logs/srinidhi/desktop-20261001/part2-full/training/maxpool_mlp/maxpool_mlp/checkpoints/best.pt,task2_sentiment/srinidhi/outputs/full/maxpool_mlp/training_config.json,Intel(R) Core(TM) Ultra 9 285K,training provenance,NVIDIA GeForce RTX 5090
maxpool_mlp,length_50_199,error_rate,0.06897081413210449,measured_full_test_selected_model,reproducibility/raw_logs/srinidhi/desktop-20261001/part2-full/training/maxpool_mlp,reproducibility/raw_logs/srinidhi/desktop-20261001/part2-full/selected,task2_sentiment/srinidhi/checkpoints/maxpool_mlp/best.pt,reproducibility/raw_logs/srinidhi/desktop-20261001/part2-full/training/maxpool_mlp/maxpool_mlp/checkpoints/best.pt,task2_sentiment/srinidhi/outputs/full/maxpool_mlp/training_config.json,Intel(R) Core(TM) Ultra 9 285K,training provenance,NVIDIA GeForce RTX 5090
maxpool_mlp,length_ge200,support,2723,measured_full_test_selected_model,reproducibility/raw_logs/srinidhi/desktop-20261001/part2-full/training/maxpool_mlp,reproducibility/raw_logs/srinidhi/desktop-20261001/part2-full/selected,task2_sentiment/srinidhi/checkpoints/maxpool_mlp/best.pt,reproducibility/raw_logs/srinidhi/desktop-20261001/part2-full/training/maxpool_mlp/maxpool_mlp/checkpoints/best.pt,task2_sentiment/srinidhi/outputs/full/maxpool_mlp/training_config.json,Intel(R) Core(TM) Ultra 9 285K,training provenance,NVIDIA GeForce RTX 5090
maxpool_mlp,length_ge200,macro_f1,0.9267927612897925,measured_full_test_selected_model,reproducibility/raw_logs/srinidhi/desktop-20261001/part2-full/training/maxpool_mlp,reproducibility/raw_logs/srinidhi/desktop-20261001/part2-full/selected,task2_sentiment/srinidhi/checkpoints/maxpool_mlp/best.pt,reproducibility/raw_logs/srinidhi/desktop-20261001/part2-full/training/maxpool_mlp/maxpool_mlp/checkpoints/best.pt,task2_sentiment/srinidhi/outputs/full/maxpool_mlp/training_config.json,Intel(R) Core(TM) Ultra 9 285K,training provenance,NVIDIA GeForce RTX 5090
maxpool_mlp,length_ge200,error_rate,0.06536907822254867,measured_full_test_selected_model,reproducibility/raw_logs/srinidhi/desktop-20261001/part2-full/training/maxpool_mlp,reproducibility/raw_logs/srinidhi/desktop-20261001/part2-full/selected,task2_sentiment/srinidhi/checkpoints/maxpool_mlp/best.pt,reproducibility/raw_logs/srinidhi/desktop-20261001/part2-full/training/maxpool_mlp/maxpool_mlp/checkpoints/best.pt,task2_sentiment/srinidhi/outputs/full/maxpool_mlp/training_config.json,Intel(R) Core(TM) Ultra 9 285K,training provenance,NVIDIA GeForce RTX 5090
maxpool_mlp,negation_present,support,28062,measured_full_test_selected_model,reproducibility/raw_logs/srinidhi/desktop-20261001/part2-full/training/maxpool_mlp,reproducibility/raw_logs/srinidhi/desktop-20261001/part2-full/selected,task2_sentiment/srinidhi/checkpoints/maxpool_mlp/best.pt,reproducibility/raw_logs/srinidhi/desktop-20261001/part2-full/training/maxpool_mlp/maxpool_mlp/checkpoints/best.pt,task2_sentiment/srinidhi/outputs/full/maxpool_mlp/training_config.json,Intel(R) Core(TM) Ultra 9 285K,training provenance,NVIDIA GeForce RTX 5090
maxpool_mlp,negation_present,macro_f1,0.9252820147677324,measured_full_test_selected_model,reproducibility/raw_logs/srinidhi/desktop-20261001/part2-full/training/maxpool_mlp,reproducibility/raw_logs/srinidhi/desktop-20261001/part2-full/selected,task2_sentiment/srinidhi/checkpoints/maxpool_mlp/best.pt,reproducibility/raw_logs/srinidhi/desktop-20261001/part2-full/training/maxpool_mlp/maxpool_mlp/checkpoints/best.pt,task2_sentiment/srinidhi/outputs/full/maxpool_mlp/training_config.json,Intel(R) Core(TM) Ultra 9 285K,training provenance,NVIDIA GeForce RTX 5090
maxpool_mlp,negation_present,error_rate,0.07205473594184308,measured_full_test_selected_model,reproducibility/raw_logs/srinidhi/desktop-20261001/part2-full/training/maxpool_mlp,reproducibility/raw_logs/srinidhi/desktop-20261001/part2-full/selected,task2_sentiment/srinidhi/checkpoints/maxpool_mlp/best.pt,reproducibility/raw_logs/srinidhi/desktop-20261001/part2-full/training/maxpool_mlp/maxpool_mlp/checkpoints/best.pt,task2_sentiment/srinidhi/outputs/full/maxpool_mlp/training_config.json,Intel(R) Core(TM) Ultra 9 285K,training provenance,NVIDIA GeForce RTX 5090
maxpool_mlp,negation_absent,support,9938,measured_full_test_selected_model,reproducibility/raw_logs/srinidhi/desktop-20261001/part2-full/training/maxpool_mlp,reproducibility/raw_logs/srinidhi/desktop-20261001/part2-full/selected,task2_sentiment/srinidhi/checkpoints/maxpool_mlp/best.pt,reproducibility/raw_logs/srinidhi/desktop-20261001/part2-full/training/maxpool_mlp/maxpool_mlp/checkpoints/best.pt,task2_sentiment/srinidhi/outputs/full/maxpool_mlp/training_config.json,Intel(R) Core(TM) Ultra 9 285K,training provenance,NVIDIA GeForce RTX 5090
maxpool_mlp,negation_absent,macro_f1,0.9239512204404501,measured_full_test_selected_model,reproducibility/raw_logs/srinidhi/desktop-20261001/part2-full/training/maxpool_mlp,reproducibility/raw_logs/srinidhi/desktop-20261001/part2-full/selected,task2_sentiment/srinidhi/checkpoints/maxpool_mlp/best.pt,reproducibility/raw_logs/srinidhi/desktop-20261001/part2-full/training/maxpool_mlp/maxpool_mlp/checkpoints/best.pt,task2_sentiment/srinidhi/outputs/full/maxpool_mlp/training_config.json,Intel(R) Core(TM) Ultra 9 285K,training provenance,NVIDIA GeForce RTX 5090
maxpool_mlp,negation_absent,error_rate,0.05685248540953913,measured_full_test_selected_model,reproducibility/raw_logs/srinidhi/desktop-20261001/part2-full/training/maxpool_mlp,reproducibility/raw_logs/srinidhi/desktop-20261001/part2-full/selected,task2_sentiment/srinidhi/checkpoints/maxpool_mlp/best.pt,reproducibility/raw_logs/srinidhi/desktop-20261001/part2-full/training/maxpool_mlp/maxpool_mlp/checkpoints/best.pt,task2_sentiment/srinidhi/outputs/full/maxpool_mlp/training_config.json,Intel(R) Core(TM) Ultra 9 285K,training provenance,NVIDIA GeForce RTX 5090
maxpool_mlp,oov_lt10pct,support,37666,measured_full_test_selected_model,reproducibility/raw_logs/srinidhi/desktop-20261001/part2-full/training/maxpool_mlp,reproducibility/raw_logs/srinidhi/desktop-20261001/part2-full/selected,task2_sentiment/srinidhi/checkpoints/maxpool_mlp/best.pt,reproducibility/raw_logs/srinidhi/desktop-20261001/part2-full/training/maxpool_mlp/maxpool_mlp/checkpoints/best.pt,task2_sentiment/srinidhi/outputs/full/maxpool_mlp/training_config.json,Intel(R) Core(TM) Ultra 9 285K,training provenance,NVIDIA GeForce RTX 5090
maxpool_mlp,oov_lt10pct,macro_f1,0.9326643761603592,measured_full_test_selected_model,reproducibility/raw_logs/srinidhi/desktop-20261001/part2-full/training/maxpool_mlp,reproducibility/raw_logs/srinidhi/desktop-20261001/part2-full/selected,task2_sentiment/srinidhi/checkpoints/maxpool_mlp/best.pt,reproducibility/raw_logs/srinidhi/desktop-20261001/part2-full/training/maxpool_mlp/maxpool_mlp/checkpoints/best.pt,task2_sentiment/srinidhi/outputs/full/maxpool_mlp/training_config.json,Intel(R) Core(TM) Ultra 9 285K,training provenance,NVIDIA GeForce RTX 5090
maxpool_mlp,oov_lt10pct,error_rate,0.06732862528540329,measured_full_test_selected_model,reproducibility/raw_logs/srinidhi/desktop-20261001/part2-full/training/maxpool_mlp,reproducibility/raw_logs/srinidhi/desktop-20261001/part2-full/selected,task2_sentiment/srinidhi/checkpoints/maxpool_mlp/best.pt,reproducibility/raw_logs/srinidhi/desktop-20261001/part2-full/training/maxpool_mlp/maxpool_mlp/checkpoints/best.pt,task2_sentiment/srinidhi/outputs/full/maxpool_mlp/training_config.json,Intel(R) Core(TM) Ultra 9 285K,training provenance,NVIDIA GeForce RTX 5090
maxpool_mlp,oov_ge10pct,support,334,measured_full_test_selected_model,reproducibility/raw_logs/srinidhi/desktop-20261001/part2-full/training/maxpool_mlp,reproducibility/raw_logs/srinidhi/desktop-20261001/part2-full/selected,task2_sentiment/srinidhi/checkpoints/maxpool_mlp/best.pt,reproducibility/raw_logs/srinidhi/desktop-20261001/part2-full/training/maxpool_mlp/maxpool_mlp/checkpoints/best.pt,task2_sentiment/srinidhi/outputs/full/maxpool_mlp/training_config.json,Intel(R) Core(TM) Ultra 9 285K,training provenance,NVIDIA GeForce RTX 5090
maxpool_mlp,oov_ge10pct,macro_f1,0.8382566585956417,measured_full_test_selected_model,reproducibility/raw_logs/srinidhi/desktop-20261001/part2-full/training/maxpool_mlp,reproducibility/raw_logs/srinidhi/desktop-20261001/part2-full/selected,task2_sentiment/srinidhi/checkpoints/maxpool_mlp/best.pt,reproducibility/raw_logs/srinidhi/desktop-20261001/part2-full/training/maxpool_mlp/maxpool_mlp/checkpoints/best.pt,task2_sentiment/srinidhi/outputs/full/maxpool_mlp/training_config.json,Intel(R) Core(TM) Ultra 9 285K,training provenance,NVIDIA GeForce RTX 5090
maxpool_mlp,oov_ge10pct,error_rate,0.15269461077844315,measured_full_test_selected_model,reproducibility/raw_logs/srinidhi/desktop-20261001/part2-full/training/maxpool_mlp,reproducibility/raw_logs/srinidhi/desktop-20261001/part2-full/selected,task2_sentiment/srinidhi/checkpoints/maxpool_mlp/best.pt,reproducibility/raw_logs/srinidhi/desktop-20261001/part2-full/training/maxpool_mlp/maxpool_mlp/checkpoints/best.pt,task2_sentiment/srinidhi/outputs/full/maxpool_mlp/training_config.json,Intel(R) Core(TM) Ultra 9 285K,training provenance,NVIDIA GeForce RTX 5090
bilstm,test,accuracy,0.9612105263157895,measured_full_test_selected_model,reproducibility/raw_logs/srinidhi/desktop-20261001/part2-full/training/bilstm,reproducibility/raw_logs/srinidhi/desktop-20261001/part2-full/selected,task2_sentiment/srinidhi/checkpoints/bilstm/best.pt,reproducibility/raw_logs/srinidhi/desktop-20261001/part2-full/training/bilstm/bilstm/checkpoints/best.pt,task2_sentiment/srinidhi/outputs/full/bilstm/training_config.json,Intel(R) Core(TM) Ultra 9 285K,training provenance,NVIDIA GeForce RTX 5090
bilstm,test,confusion_matrix,"[[18291, 709], [765, 18235]]",measured_full_test_selected_model,reproducibility/raw_logs/srinidhi/desktop-20261001/part2-full/training/bilstm,reproducibility/raw_logs/srinidhi/desktop-20261001/part2-full/selected,task2_sentiment/srinidhi/checkpoints/bilstm/best.pt,reproducibility/raw_logs/srinidhi/desktop-20261001/part2-full/training/bilstm/bilstm/checkpoints/best.pt,task2_sentiment/srinidhi/outputs/full/bilstm/training_config.json,Intel(R) Core(TM) Ultra 9 285K,training provenance,NVIDIA GeForce RTX 5090
bilstm,test,roc_auc,0.9934010664819942,measured_full_test_selected_model,reproducibility/raw_logs/srinidhi/desktop-20261001/part2-full/training/bilstm,reproducibility/raw_logs/srinidhi/desktop-20261001/part2-full/selected,task2_sentiment/srinidhi/checkpoints/bilstm/best.pt,reproducibility/raw_logs/srinidhi/desktop-20261001/part2-full/training/bilstm/bilstm/checkpoints/best.pt,task2_sentiment/srinidhi/outputs/full/bilstm/training_config.json,Intel(R) Core(TM) Ultra 9 285K,training provenance,NVIDIA GeForce RTX 5090
bilstm,test,pr_auc_trapezoidal,0.9935085887819308,measured_full_test_selected_model,reproducibility/raw_logs/srinidhi/desktop-20261001/part2-full/training/bilstm,reproducibility/raw_logs/srinidhi/desktop-20261001/part2-full/selected,task2_sentiment/srinidhi/checkpoints/bilstm/best.pt,reproducibility/raw_logs/srinidhi/desktop-20261001/part2-full/training/bilstm/bilstm/checkpoints/best.pt,task2_sentiment/srinidhi/outputs/full/bilstm/training_config.json,Intel(R) Core(TM) Ultra 9 285K,training provenance,NVIDIA GeForce RTX 5090
bilstm,test,mcc,0.9224250591845816,measured_full_test_selected_model,reproducibility/raw_logs/srinidhi/desktop-20261001/part2-full/training/bilstm,reproducibility/raw_logs/srinidhi/desktop-20261001/part2-full/selected,task2_sentiment/srinidhi/checkpoints/bilstm/best.pt,reproducibility/raw_logs/srinidhi/desktop-20261001/part2-full/training/bilstm/bilstm/checkpoints/best.pt,task2_sentiment/srinidhi/outputs/full/bilstm/training_config.json,Intel(R) Core(TM) Ultra 9 285K,training provenance,NVIDIA GeForce RTX 5090
bilstm,test,brier,0.029803467741264394,measured_full_test_selected_model,reproducibility/raw_logs/srinidhi/desktop-20261001/part2-full/training/bilstm,reproducibility/raw_logs/srinidhi/desktop-20261001/part2-full/selected,task2_sentiment/srinidhi/checkpoints/bilstm/best.pt,reproducibility/raw_logs/srinidhi/desktop-20261001/part2-full/training/bilstm/bilstm/checkpoints/best.pt,task2_sentiment/srinidhi/outputs/full/bilstm/training_config.json,Intel(R) Core(TM) Ultra 9 285K,training provenance,NVIDIA GeForce RTX 5090
bilstm,test,ece_15,0.014531404478661929,measured_full_test_selected_model,reproducibility/raw_logs/srinidhi/desktop-20261001/part2-full/training/bilstm,reproducibility/raw_logs/srinidhi/desktop-20261001/part2-full/selected,task2_sentiment/srinidhi/checkpoints/bilstm/best.pt,reproducibility/raw_logs/srinidhi/desktop-20261001/part2-full/training/bilstm/bilstm/checkpoints/best.pt,task2_sentiment/srinidhi/outputs/full/bilstm/training_config.json,Intel(R) Core(TM) Ultra 9 285K,training provenance,NVIDIA GeForce RTX 5090
bilstm,test,test_loss,0.11111508190004449,measured_full_test_selected_model,reproducibility/raw_logs/srinidhi/desktop-20261001/part2-full/training/bilstm,reproducibility/raw_logs/srinidhi/desktop-20261001/part2-full/selected,task2_sentiment/srinidhi/checkpoints/bilstm/best.pt,reproducibility/raw_logs/srinidhi/desktop-20261001/part2-full/training/bilstm/bilstm/checkpoints/best.pt,task2_sentiment/srinidhi/outputs/full/bilstm/training_config.json,Intel(R) Core(TM) Ultra 9 285K,training provenance,NVIDIA GeForce RTX 5090
bilstm,test,macro_precision,0.9612145328774933,measured_full_test_selected_model,reproducibility/raw_logs/srinidhi/desktop-20261001/part2-full/training/bilstm,reproducibility/raw_logs/srinidhi/desktop-20261001/part2-full/selected,task2_sentiment/srinidhi/checkpoints/bilstm/best.pt,reproducibility/raw_logs/srinidhi/desktop-20261001/part2-full/training/bilstm/bilstm/checkpoints/best.pt,task2_sentiment/srinidhi/outputs/full/bilstm/training_config.json,Intel(R) Core(TM) Ultra 9 285K,training provenance,NVIDIA GeForce RTX 5090
bilstm,test,macro_recall,0.9612105263157895,measured_full_test_selected_model,reproducibility/raw_logs/srinidhi/desktop-20261001/part2-full/training/bilstm,reproducibility/raw_logs/srinidhi/desktop-20261001/part2-full/selected,task2_sentiment/srinidhi/checkpoints/bilstm/best.pt,reproducibility/raw_logs/srinidhi/desktop-20261001/part2-full/training/bilstm/bilstm/checkpoints/best.pt,task2_sentiment/srinidhi/outputs/full/bilstm/training_config.json,Intel(R) Core(TM) Ultra 9 285K,training provenance,NVIDIA GeForce RTX 5090
bilstm,test,macro_f1,0.9612104420747551,measured_full_test_selected_model,reproducibility/raw_logs/srinidhi/desktop-20261001/part2-full/training/bilstm,reproducibility/raw_logs/srinidhi/desktop-20261001/part2-full/selected,task2_sentiment/srinidhi/checkpoints/bilstm/best.pt,reproducibility/raw_logs/srinidhi/desktop-20261001/part2-full/training/bilstm/bilstm/checkpoints/best.pt,task2_sentiment/srinidhi/outputs/full/bilstm/training_config.json,Intel(R) Core(TM) Ultra 9 285K,training provenance,NVIDIA GeForce RTX 5090
bilstm,test,micro_precision,0.9612105263157895,measured_full_test_selected_model,reproducibility/raw_logs/srinidhi/desktop-20261001/part2-full/training/bilstm,reproducibility/raw_logs/srinidhi/desktop-20261001/part2-full/selected,task2_sentiment/srinidhi/checkpoints/bilstm/best.pt,reproducibility/raw_logs/srinidhi/desktop-20261001/part2-full/training/bilstm/bilstm/checkpoints/best.pt,task2_sentiment/srinidhi/outputs/full/bilstm/training_config.json,Intel(R) Core(TM) Ultra 9 285K,training provenance,NVIDIA GeForce RTX 5090
bilstm,test,micro_recall,0.9612105263157895,measured_full_test_selected_model,reproducibility/raw_logs/srinidhi/desktop-20261001/part2-full/training/bilstm,reproducibility/raw_logs/srinidhi/desktop-20261001/part2-full/selected,task2_sentiment/srinidhi/checkpoints/bilstm/best.pt,reproducibility/raw_logs/srinidhi/desktop-20261001/part2-full/training/bilstm/bilstm/checkpoints/best.pt,task2_sentiment/srinidhi/outputs/full/bilstm/training_config.json,Intel(R) Core(TM) Ultra 9 285K,training provenance,NVIDIA GeForce RTX 5090
bilstm,test,micro_f1,0.9612105263157895,measured_full_test_selected_model,reproducibility/raw_logs/srinidhi/desktop-20261001/part2-full/training/bilstm,reproducibility/raw_logs/srinidhi/desktop-20261001/part2-full/selected,task2_sentiment/srinidhi/checkpoints/bilstm/best.pt,reproducibility/raw_logs/srinidhi/desktop-20261001/part2-full/training/bilstm/bilstm/checkpoints/best.pt,task2_sentiment/srinidhi/outputs/full/bilstm/training_config.json,Intel(R) Core(TM) Ultra 9 285K,training provenance,NVIDIA GeForce RTX 5090
bilstm,test,weighted_precision,0.9612145328774934,measured_full_test_selected_model,reproducibility/raw_logs/srinidhi/desktop-20261001/part2-full/training/bilstm,reproducibility/raw_logs/srinidhi/desktop-20261001/part2-full/selected,task2_sentiment/srinidhi/checkpoints/bilstm/best.pt,reproducibility/raw_logs/srinidhi/desktop-20261001/part2-full/training/bilstm/bilstm/checkpoints/best.pt,task2_sentiment/srinidhi/outputs/full/bilstm/training_config.json,Intel(R) Core(TM) Ultra 9 285K,training provenance,NVIDIA GeForce RTX 5090
bilstm,test,weighted_recall,0.9612105263157895,measured_full_test_selected_model,reproducibility/raw_logs/srinidhi/desktop-20261001/part2-full/training/bilstm,reproducibility/raw_logs/srinidhi/desktop-20261001/part2-full/selected,task2_sentiment/srinidhi/checkpoints/bilstm/best.pt,reproducibility/raw_logs/srinidhi/desktop-20261001/part2-full/training/bilstm/bilstm/checkpoints/best.pt,task2_sentiment/srinidhi/outputs/full/bilstm/training_config.json,Intel(R) Core(TM) Ultra 9 285K,training provenance,NVIDIA GeForce RTX 5090
bilstm,test,weighted_f1,0.961210442074755,measured_full_test_selected_model,reproducibility/raw_logs/srinidhi/desktop-20261001/part2-full/training/bilstm,reproducibility/raw_logs/srinidhi/desktop-20261001/part2-full/selected,task2_sentiment/srinidhi/checkpoints/bilstm/best.pt,reproducibility/raw_logs/srinidhi/desktop-20261001/part2-full/training/bilstm/bilstm/checkpoints/best.pt,task2_sentiment/srinidhi/outputs/full/bilstm/training_config.json,Intel(R) Core(TM) Ultra 9 285K,training provenance,NVIDIA GeForce RTX 5090
bilstm,test,accuracy_95ci_low,0.9591309210526316,measured_full_test_selected_model,reproducibility/raw_logs/srinidhi/desktop-20261001/part2-full/training/bilstm,reproducibility/raw_logs/srinidhi/desktop-20261001/part2-full/selected,task2_sentiment/srinidhi/checkpoints/bilstm/best.pt,reproducibility/raw_logs/srinidhi/desktop-20261001/part2-full/training/bilstm/bilstm/checkpoints/best.pt,task2_sentiment/srinidhi/outputs/full/bilstm/training_config.json,Intel(R) Core(TM) Ultra 9 285K,training provenance,NVIDIA GeForce RTX 5090
bilstm,test,accuracy_95ci_high,0.963078947368421,measured_full_test_selected_model,reproducibility/raw_logs/srinidhi/desktop-20261001/part2-full/training/bilstm,reproducibility/raw_logs/srinidhi/desktop-20261001/part2-full/selected,task2_sentiment/srinidhi/checkpoints/bilstm/best.pt,reproducibility/raw_logs/srinidhi/desktop-20261001/part2-full/training/bilstm/bilstm/checkpoints/best.pt,task2_sentiment/srinidhi/outputs/full/bilstm/training_config.json,Intel(R) Core(TM) Ultra 9 285K,training provenance,NVIDIA GeForce RTX 5090
bilstm,test,macro_f1_95ci_low,0.959130357761888,measured_full_test_selected_model,reproducibility/raw_logs/srinidhi/desktop-20261001/part2-full/training/bilstm,reproducibility/raw_logs/srinidhi/desktop-20261001/part2-full/selected,task2_sentiment/srinidhi/checkpoints/bilstm/best.pt,reproducibility/raw_logs/srinidhi/desktop-20261001/part2-full/training/bilstm/bilstm/checkpoints/best.pt,task2_sentiment/srinidhi/outputs/full/bilstm/training_config.json,Intel(R) Core(TM) Ultra 9 285K,training provenance,NVIDIA GeForce RTX 5090
bilstm,test,macro_f1_95ci_high,0.9630786168912975,measured_full_test_selected_model,reproducibility/raw_logs/srinidhi/desktop-20261001/part2-full/training/bilstm,reproducibility/raw_logs/srinidhi/desktop-20261001/part2-full/selected,task2_sentiment/srinidhi/checkpoints/bilstm/best.pt,reproducibility/raw_logs/srinidhi/desktop-20261001/part2-full/training/bilstm/bilstm/checkpoints/best.pt,task2_sentiment/srinidhi/outputs/full/bilstm/training_config.json,Intel(R) Core(TM) Ultra 9 285K,training provenance,NVIDIA GeForce RTX 5090
bilstm,test,mcc_95ci_low,0.9182619325100142,measured_full_test_selected_model,reproducibility/raw_logs/srinidhi/desktop-20261001/part2-full/training/bilstm,reproducibility/raw_logs/srinidhi/desktop-20261001/part2-full/selected,task2_sentiment/srinidhi/checkpoints/bilstm/best.pt,reproducibility/raw_logs/srinidhi/desktop-20261001/part2-full/training/bilstm/bilstm/checkpoints/best.pt,task2_sentiment/srinidhi/outputs/full/bilstm/training_config.json,Intel(R) Core(TM) Ultra 9 285K,training provenance,NVIDIA GeForce RTX 5090
bilstm,test,mcc_95ci_high,0.9261592747173191,measured_full_test_selected_model,reproducibility/raw_logs/srinidhi/desktop-20261001/part2-full/training/bilstm,reproducibility/raw_logs/srinidhi/desktop-20261001/part2-full/selected,task2_sentiment/srinidhi/checkpoints/bilstm/best.pt,reproducibility/raw_logs/srinidhi/desktop-20261001/part2-full/training/bilstm/bilstm/checkpoints/best.pt,task2_sentiment/srinidhi/outputs/full/bilstm/training_config.json,Intel(R) Core(TM) Ultra 9 285K,training provenance,NVIDIA GeForce RTX 5090
bilstm,training,parameter_count,5305985,measured_full_test_selected_model,reproducibility/raw_logs/srinidhi/desktop-20261001/part2-full/training/bilstm,reproducibility/raw_logs/srinidhi/desktop-20261001/part2-full/selected,task2_sentiment/srinidhi/checkpoints/bilstm/best.pt,reproducibility/raw_logs/srinidhi/desktop-20261001/part2-full/training/bilstm/bilstm/checkpoints/best.pt,task2_sentiment/srinidhi/outputs/full/bilstm/training_config.json,Intel(R) Core(TM) Ultra 9 285K,training provenance,NVIDIA GeForce RTX 5090
bilstm,training,train_seconds,2911.480776100001,measured_full_test_selected_model,reproducibility/raw_logs/srinidhi/desktop-20261001/part2-full/training/bilstm,reproducibility/raw_logs/srinidhi/desktop-20261001/part2-full/selected,task2_sentiment/srinidhi/checkpoints/bilstm/best.pt,reproducibility/raw_logs/srinidhi/desktop-20261001/part2-full/training/bilstm/bilstm/checkpoints/best.pt,task2_sentiment/srinidhi/outputs/full/bilstm/training_config.json,Intel(R) Core(TM) Ultra 9 285K,training provenance,NVIDIA GeForce RTX 5090
bilstm,training,peak_cuda_memory_bytes,229768704,measured_full_test_selected_model,reproducibility/raw_logs/srinidhi/desktop-20261001/part2-full/training/bilstm,reproducibility/raw_logs/srinidhi/desktop-20261001/part2-full/selected,task2_sentiment/srinidhi/checkpoints/bilstm/best.pt,reproducibility/raw_logs/srinidhi/desktop-20261001/part2-full/training/bilstm/bilstm/checkpoints/best.pt,task2_sentiment/srinidhi/outputs/full/bilstm/training_config.json,Intel(R) Core(TM) Ultra 9 285K,training provenance,NVIDIA GeForce RTX 5090
bilstm,training,selected_epoch,11,measured_full_test_selected_model,reproducibility/raw_logs/srinidhi/desktop-20261001/part2-full/training/bilstm,reproducibility/raw_logs/srinidhi/desktop-20261001/part2-full/selected,task2_sentiment/srinidhi/checkpoints/bilstm/best.pt,reproducibility/raw_logs/srinidhi/desktop-20261001/part2-full/training/bilstm/bilstm/checkpoints/best.pt,task2_sentiment/srinidhi/outputs/full/bilstm/training_config.json,Intel(R) Core(TM) Ultra 9 285K,training provenance,NVIDIA GeForce RTX 5090
bilstm,training,selected_validation_macro_f1,0.9588569539349926,measured_full_test_selected_model,reproducibility/raw_logs/srinidhi/desktop-20261001/part2-full/training/bilstm,reproducibility/raw_logs/srinidhi/desktop-20261001/part2-full/selected,task2_sentiment/srinidhi/checkpoints/bilstm/best.pt,reproducibility/raw_logs/srinidhi/desktop-20261001/part2-full/training/bilstm/bilstm/checkpoints/best.pt,task2_sentiment/srinidhi/outputs/full/bilstm/training_config.json,Intel(R) Core(TM) Ultra 9 285K,training provenance,NVIDIA GeForce RTX 5090
bilstm,training,completed_training_steps,47256,measured_full_test_selected_model,reproducibility/raw_logs/srinidhi/desktop-20261001/part2-full/training/bilstm,reproducibility/raw_logs/srinidhi/desktop-20261001/part2-full/selected,task2_sentiment/srinidhi/checkpoints/bilstm/best.pt,reproducibility/raw_logs/srinidhi/desktop-20261001/part2-full/training/bilstm/bilstm/checkpoints/best.pt,task2_sentiment/srinidhi/outputs/full/bilstm/training_config.json,Intel(R) Core(TM) Ultra 9 285K,training provenance,NVIDIA GeForce RTX 5090
bilstm,training,peak_host_rss_bytes,3493978112,measured_full_test_selected_model,reproducibility/raw_logs/srinidhi/desktop-20261001/part2-full/training/bilstm,reproducibility/raw_logs/srinidhi/desktop-20261001/part2-full/selected,task2_sentiment/srinidhi/checkpoints/bilstm/best.pt,reproducibility/raw_logs/srinidhi/desktop-20261001/part2-full/training/bilstm/bilstm/checkpoints/best.pt,task2_sentiment/srinidhi/outputs/full/bilstm/training_config.json,Intel(R) Core(TM) Ultra 9 285K,training provenance,NVIDIA GeForce RTX 5090
bilstm,training,examples_per_second,2077.2934685495134,measured_full_test_selected_model,reproducibility/raw_logs/srinidhi/desktop-20261001/part2-full/training/bilstm,reproducibility/raw_logs/srinidhi/desktop-20261001/part2-full/selected,task2_sentiment/srinidhi/checkpoints/bilstm/best.pt,reproducibility/raw_logs/srinidhi/desktop-20261001/part2-full/training/bilstm/bilstm/checkpoints/best.pt,task2_sentiment/srinidhi/outputs/full/bilstm/training_config.json,Intel(R) Core(TM) Ultra 9 285K,training provenance,NVIDIA GeForce RTX 5090
bilstm,length_lt50,support,15747,measured_full_test_selected_model,reproducibility/raw_logs/srinidhi/desktop-20261001/part2-full/training/bilstm,reproducibility/raw_logs/srinidhi/desktop-20261001/part2-full/selected,task2_sentiment/srinidhi/checkpoints/bilstm/best.pt,reproducibility/raw_logs/srinidhi/desktop-20261001/part2-full/training/bilstm/bilstm/checkpoints/best.pt,task2_sentiment/srinidhi/outputs/full/bilstm/training_config.json,Intel(R) Core(TM) Ultra 9 285K,training provenance,NVIDIA GeForce RTX 5090
bilstm,length_lt50,macro_f1,0.9596640648883548,measured_full_test_selected_model,reproducibility/raw_logs/srinidhi/desktop-20261001/part2-full/training/bilstm,reproducibility/raw_logs/srinidhi/desktop-20261001/part2-full/selected,task2_sentiment/srinidhi/checkpoints/bilstm/best.pt,reproducibility/raw_logs/srinidhi/desktop-20261001/part2-full/training/bilstm/bilstm/checkpoints/best.pt,task2_sentiment/srinidhi/outputs/full/bilstm/training_config.json,Intel(R) Core(TM) Ultra 9 285K,training provenance,NVIDIA GeForce RTX 5090
bilstm,length_lt50,error_rate,0.03943608306344071,measured_full_test_selected_model,reproducibility/raw_logs/srinidhi/desktop-20261001/part2-full/training/bilstm,reproducibility/raw_logs/srinidhi/desktop-20261001/part2-full/selected,task2_sentiment/srinidhi/checkpoints/bilstm/best.pt,reproducibility/raw_logs/srinidhi/desktop-20261001/part2-full/training/bilstm/bilstm/checkpoints/best.pt,task2_sentiment/srinidhi/outputs/full/bilstm/training_config.json,Intel(R) Core(TM) Ultra 9 285K,training provenance,NVIDIA GeForce RTX 5090
bilstm,length_50_199,support,19530,measured_full_test_selected_model,reproducibility/raw_logs/srinidhi/desktop-20261001/part2-full/training/bilstm,reproducibility/raw_logs/srinidhi/desktop-20261001/part2-full/selected,task2_sentiment/srinidhi/checkpoints/bilstm/best.pt,reproducibility/raw_logs/srinidhi/desktop-20261001/part2-full/training/bilstm/bilstm/checkpoints/best.pt,task2_sentiment/srinidhi/outputs/full/bilstm/training_config.json,Intel(R) Core(TM) Ultra 9 285K,training provenance,NVIDIA GeForce RTX 5090
bilstm,length_50_199,macro_f1,0.9620261501072878,measured_full_test_selected_model,reproducibility/raw_logs/srinidhi/desktop-20261001/part2-full/training/bilstm,reproducibility/raw_logs/srinidhi/desktop-20261001/part2-full/selected,task2_sentiment/srinidhi/checkpoints/bilstm/best.pt,reproducibility/raw_logs/srinidhi/desktop-20261001/part2-full/training/bilstm/bilstm/checkpoints/best.pt,task2_sentiment/srinidhi/outputs/full/bilstm/training_config.json,Intel(R) Core(TM) Ultra 9 285K,training provenance,NVIDIA GeForce RTX 5090
bilstm,length_50_199,error_rate,0.03773681515617,measured_full_test_selected_model,reproducibility/raw_logs/srinidhi/desktop-20261001/part2-full/training/bilstm,reproducibility/raw_logs/srinidhi/desktop-20261001/part2-full/selected,task2_sentiment/srinidhi/checkpoints/bilstm/best.pt,reproducibility/raw_logs/srinidhi/desktop-20261001/part2-full/training/bilstm/bilstm/checkpoints/best.pt,task2_sentiment/srinidhi/outputs/full/bilstm/training_config.json,Intel(R) Core(TM) Ultra 9 285K,training provenance,NVIDIA GeForce RTX 5090
bilstm,length_ge200,support,2723,measured_full_test_selected_model,reproducibility/raw_logs/srinidhi/desktop-20261001/part2-full/training/bilstm,reproducibility/raw_logs/srinidhi/desktop-20261001/part2-full/selected,task2_sentiment/srinidhi/checkpoints/bilstm/best.pt,reproducibility/raw_logs/srinidhi/desktop-20261001/part2-full/training/bilstm/bilstm/checkpoints/best.pt,task2_sentiment/srinidhi/outputs/full/bilstm/training_config.json,Intel(R) Core(TM) Ultra 9 285K,training provenance,NVIDIA GeForce RTX 5090
bilstm,length_ge200,macro_f1,0.952618643894911,measured_full_test_selected_model,reproducibility/raw_logs/srinidhi/desktop-20261001/part2-full/training/bilstm,reproducibility/raw_logs/srinidhi/desktop-20261001/part2-full/selected,task2_sentiment/srinidhi/checkpoints/bilstm/best.pt,reproducibility/raw_logs/srinidhi/desktop-20261001/part2-full/training/bilstm/bilstm/checkpoints/best.pt,task2_sentiment/srinidhi/outputs/full/bilstm/training_config.json,Intel(R) Core(TM) Ultra 9 285K,training provenance,NVIDIA GeForce RTX 5090
bilstm,length_ge200,error_rate,0.04260007344840244,measured_full_test_selected_model,reproducibility/raw_logs/srinidhi/desktop-20261001/part2-full/training/bilstm,reproducibility/raw_logs/srinidhi/desktop-20261001/part2-full/selected,task2_sentiment/srinidhi/checkpoints/bilstm/best.pt,reproducibility/raw_logs/srinidhi/desktop-20261001/part2-full/training/bilstm/bilstm/checkpoints/best.pt,task2_sentiment/srinidhi/outputs/full/bilstm/training_config.json,Intel(R) Core(TM) Ultra 9 285K,training provenance,NVIDIA GeForce RTX 5090
bilstm,negation_present,support,28062,measured_full_test_selected_model,reproducibility/raw_logs/srinidhi/desktop-20261001/part2-full/training/bilstm,reproducibility/raw_logs/srinidhi/desktop-20261001/part2-full/selected,task2_sentiment/srinidhi/checkpoints/bilstm/best.pt,reproducibility/raw_logs/srinidhi/desktop-20261001/part2-full/training/bilstm/bilstm/checkpoints/best.pt,task2_sentiment/srinidhi/outputs/full/bilstm/training_config.json,Intel(R) Core(TM) Ultra 9 285K,training provenance,NVIDIA GeForce RTX 5090
bilstm,negation_present,macro_f1,0.960234115469102,measured_full_test_selected_model,reproducibility/raw_logs/srinidhi/desktop-20261001/part2-full/training/bilstm,reproducibility/raw_logs/srinidhi/desktop-20261001/part2-full/selected,task2_sentiment/srinidhi/checkpoints/bilstm/best.pt,reproducibility/raw_logs/srinidhi/desktop-20261001/part2-full/training/bilstm/bilstm/checkpoints/best.pt,task2_sentiment/srinidhi/outputs/full/bilstm/training_config.json,Intel(R) Core(TM) Ultra 9 285K,training provenance,NVIDIA GeForce RTX 5090
bilstm,negation_present,error_rate,0.038486209108402836,measured_full_test_selected_model,reproducibility/raw_logs/srinidhi/desktop-20261001/part2-full/training/bilstm,reproducibility/raw_logs/srinidhi/desktop-20261001/part2-full/selected,task2_sentiment/srinidhi/checkpoints/bilstm/best.pt,reproducibility/raw_logs/srinidhi/desktop-20261001/part2-full/training/bilstm/bilstm/checkpoints/best.pt,task2_sentiment/srinidhi/outputs/full/bilstm/training_config.json,Intel(R) Core(TM) Ultra 9 285K,training provenance,NVIDIA GeForce RTX 5090
bilstm,negation_absent,support,9938,measured_full_test_selected_model,reproducibility/raw_logs/srinidhi/desktop-20261001/part2-full/training/bilstm,reproducibility/raw_logs/srinidhi/desktop-20261001/part2-full/selected,task2_sentiment/srinidhi/checkpoints/bilstm/best.pt,reproducibility/raw_logs/srinidhi/desktop-20261001/part2-full/training/bilstm/bilstm/checkpoints/best.pt,task2_sentiment/srinidhi/outputs/full/bilstm/training_config.json,Intel(R) Core(TM) Ultra 9 285K,training provenance,NVIDIA GeForce RTX 5090
bilstm,negation_absent,macro_f1,0.9470749638837705,measured_full_test_selected_model,reproducibility/raw_logs/srinidhi/desktop-20261001/part2-full/training/bilstm,reproducibility/raw_logs/srinidhi/desktop-20261001/part2-full/selected,task2_sentiment/srinidhi/checkpoints/bilstm/best.pt,reproducibility/raw_logs/srinidhi/desktop-20261001/part2-full/training/bilstm/bilstm/checkpoints/best.pt,task2_sentiment/srinidhi/outputs/full/bilstm/training_config.json,Intel(R) Core(TM) Ultra 9 285K,training provenance,NVIDIA GeForce RTX 5090
bilstm,negation_absent,error_rate,0.039645803984705186,measured_full_test_selected_model,reproducibility/raw_logs/srinidhi/desktop-20261001/part2-full/training/bilstm,reproducibility/raw_logs/srinidhi/desktop-20261001/part2-full/selected,task2_sentiment/srinidhi/checkpoints/bilstm/best.pt,reproducibility/raw_logs/srinidhi/desktop-20261001/part2-full/training/bilstm/bilstm/checkpoints/best.pt,task2_sentiment/srinidhi/outputs/full/bilstm/training_config.json,Intel(R) Core(TM) Ultra 9 285K,training provenance,NVIDIA GeForce RTX 5090
bilstm,oov_lt10pct,support,37666,measured_full_test_selected_model,reproducibility/raw_logs/srinidhi/desktop-20261001/part2-full/training/bilstm,reproducibility/raw_logs/srinidhi/desktop-20261001/part2-full/selected,task2_sentiment/srinidhi/checkpoints/bilstm/best.pt,reproducibility/raw_logs/srinidhi/desktop-20261001/part2-full/training/bilstm/bilstm/checkpoints/best.pt,task2_sentiment/srinidhi/outputs/full/bilstm/training_config.json,Intel(R) Core(TM) Ultra 9 285K,training provenance,NVIDIA GeForce RTX 5090
bilstm,oov_lt10pct,macro_f1,0.961768750983288,measured_full_test_selected_model,reproducibility/raw_logs/srinidhi/desktop-20261001/part2-full/training/bilstm,reproducibility/raw_logs/srinidhi/desktop-20261001/part2-full/selected,task2_sentiment/srinidhi/checkpoints/bilstm/best.pt,reproducibility/raw_logs/srinidhi/desktop-20261001/part2-full/training/bilstm/bilstm/checkpoints/best.pt,task2_sentiment/srinidhi/outputs/full/bilstm/training_config.json,Intel(R) Core(TM) Ultra 9 285K,training provenance,NVIDIA GeForce RTX 5090
bilstm,oov_lt10pct,error_rate,0.03823076514628576,measured_full_test_selected_model,reproducibility/raw_logs/srinidhi/desktop-20261001/part2-full/training/bilstm,reproducibility/raw_logs/srinidhi/desktop-20261001/part2-full/selected,task2_sentiment/srinidhi/checkpoints/bilstm/best.pt,reproducibility/raw_logs/srinidhi/desktop-20261001/part2-full/training/bilstm/bilstm/checkpoints/best.pt,task2_sentiment/srinidhi/outputs/full/bilstm/training_config.json,Intel(R) Core(TM) Ultra 9 285K,training provenance,NVIDIA GeForce RTX 5090
bilstm,oov_ge10pct,support,334,measured_full_test_selected_model,reproducibility/raw_logs/srinidhi/desktop-20261001/part2-full/training/bilstm,reproducibility/raw_logs/srinidhi/desktop-20261001/part2-full/selected,task2_sentiment/srinidhi/checkpoints/bilstm/best.pt,reproducibility/raw_logs/srinidhi/desktop-20261001/part2-full/training/bilstm/bilstm/checkpoints/best.pt,task2_sentiment/srinidhi/outputs/full/bilstm/training_config.json,Intel(R) Core(TM) Ultra 9 285K,training provenance,NVIDIA GeForce RTX 5090
bilstm,oov_ge10pct,macro_f1,0.8923316140776699,measured_full_test_selected_model,reproducibility/raw_logs/srinidhi/desktop-20261001/part2-full/training/bilstm,reproducibility/raw_logs/srinidhi/desktop-20261001/part2-full/selected,task2_sentiment/srinidhi/checkpoints/bilstm/best.pt,reproducibility/raw_logs/srinidhi/desktop-20261001/part2-full/training/bilstm/bilstm/checkpoints/best.pt,task2_sentiment/srinidhi/outputs/full/bilstm/training_config.json,Intel(R) Core(TM) Ultra 9 285K,training provenance,NVIDIA GeForce RTX 5090
bilstm,oov_ge10pct,error_rate,0.10179640718562877,measured_full_test_selected_model,reproducibility/raw_logs/srinidhi/desktop-20261001/part2-full/training/bilstm,reproducibility/raw_logs/srinidhi/desktop-20261001/part2-full/selected,task2_sentiment/srinidhi/checkpoints/bilstm/best.pt,reproducibility/raw_logs/srinidhi/desktop-20261001/part2-full/training/bilstm/bilstm/checkpoints/best.pt,task2_sentiment/srinidhi/outputs/full/bilstm/training_config.json,Intel(R) Core(TM) Ultra 9 285K,training provenance,NVIDIA GeForce RTX 5090
bilstm,test,paired_mcnemar_vs_baseline_table,"[[34825, 588], [1701, 886]]",measured_full_test_selected_model,reproducibility/raw_logs/srinidhi/desktop-20261001/part2-full/training/bilstm,reproducibility/raw_logs/srinidhi/desktop-20261001/part2-full/selected,task2_sentiment/srinidhi/checkpoints/bilstm/best.pt,reproducibility/raw_logs/srinidhi/desktop-20261001/part2-full/training/bilstm/bilstm/checkpoints/best.pt,task2_sentiment/srinidhi/outputs/full/bilstm/training_config.json,Intel(R) Core(TM) Ultra 9 285K,training provenance,NVIDIA GeForce RTX 5090
bilstm,test,paired_mcnemar_vs_baseline_discordant_pairs,2289,measured_full_test_selected_model,reproducibility/raw_logs/srinidhi/desktop-20261001/part2-full/training/bilstm,reproducibility/raw_logs/srinidhi/desktop-20261001/part2-full/selected,task2_sentiment/srinidhi/checkpoints/bilstm/best.pt,reproducibility/raw_logs/srinidhi/desktop-20261001/part2-full/training/bilstm/bilstm/checkpoints/best.pt,task2_sentiment/srinidhi/outputs/full/bilstm/training_config.json,Intel(R) Core(TM) Ultra 9 285K,training provenance,NVIDIA GeForce RTX 5090
bilstm,test,paired_mcnemar_vs_baseline_pvalue_exact_two_sided,1.303491563145497e-124,measured_full_test_selected_model,reproducibility/raw_logs/srinidhi/desktop-20261001/part2-full/training/bilstm,reproducibility/raw_logs/srinidhi/desktop-20261001/part2-full/selected,task2_sentiment/srinidhi/checkpoints/bilstm/best.pt,reproducibility/raw_logs/srinidhi/desktop-20261001/part2-full/training/bilstm/bilstm/checkpoints/best.pt,task2_sentiment/srinidhi/outputs/full/bilstm/training_config.json,Intel(R) Core(TM) Ultra 9 285K,training provenance,NVIDIA GeForce RTX 5090
dilated_cnn,test,accuracy,0.9562631578947368,measured_full_test_selected_model,reproducibility/raw_logs/srinidhi/desktop-20261001/part2-full/training/dilated_cnn,reproducibility/raw_logs/srinidhi/desktop-20261001/part2-full/selected,task2_sentiment/srinidhi/checkpoints/dilated_cnn/best.pt,reproducibility/raw_logs/srinidhi/desktop-20261001/part2-full/training/dilated_cnn/dilated_cnn/checkpoints/best.pt,task2_sentiment/srinidhi/outputs/full/dilated_cnn/training_config.json,Intel(R) Core(TM) Ultra 9 285K,training provenance,NVIDIA GeForce RTX 5090
dilated_cnn,test,confusion_matrix,"[[18083, 917], [745, 18255]]",measured_full_test_selected_model,reproducibility/raw_logs/srinidhi/desktop-20261001/part2-full/training/dilated_cnn,reproducibility/raw_logs/srinidhi/desktop-20261001/part2-full/selected,task2_sentiment/srinidhi/checkpoints/dilated_cnn/best.pt,reproducibility/raw_logs/srinidhi/desktop-20261001/part2-full/training/dilated_cnn/dilated_cnn/checkpoints/best.pt,task2_sentiment/srinidhi/outputs/full/dilated_cnn/training_config.json,Intel(R) Core(TM) Ultra 9 285K,training provenance,NVIDIA GeForce RTX 5090
dilated_cnn,test,roc_auc,0.9917749709141273,measured_full_test_selected_model,reproducibility/raw_logs/srinidhi/desktop-20261001/part2-full/training/dilated_cnn,reproducibility/raw_logs/srinidhi/desktop-20261001/part2-full/selected,task2_sentiment/srinidhi/checkpoints/dilated_cnn/best.pt,reproducibility/raw_logs/srinidhi/desktop-20261001/part2-full/training/dilated_cnn/dilated_cnn/checkpoints/best.pt,task2_sentiment/srinidhi/outputs/full/dilated_cnn/training_config.json,Intel(R) Core(TM) Ultra 9 285K,training provenance,NVIDIA GeForce RTX 5090
dilated_cnn,test,pr_auc_trapezoidal,0.991868380653359,measured_full_test_selected_model,reproducibility/raw_logs/srinidhi/desktop-20261001/part2-full/training/dilated_cnn,reproducibility/raw_logs/srinidhi/desktop-20261001/part2-full/selected,task2_sentiment/srinidhi/checkpoints/dilated_cnn/best.pt,reproducibility/raw_logs/srinidhi/desktop-20261001/part2-full/training/dilated_cnn/dilated_cnn/checkpoints/best.pt,task2_sentiment/srinidhi/outputs/full/dilated_cnn/training_config.json,Intel(R) Core(TM) Ultra 9 285K,training provenance,NVIDIA GeForce RTX 5090
dilated_cnn,test,mcc,0.9125637089167522,measured_full_test_selected_model,reproducibility/raw_logs/srinidhi/desktop-20261001/part2-full/training/dilated_cnn,reproducibility/raw_logs/srinidhi/desktop-20261001/part2-full/selected,task2_sentiment/srinidhi/checkpoints/dilated_cnn/best.pt,reproducibility/raw_logs/srinidhi/desktop-20261001/part2-full/training/dilated_cnn/dilated_cnn/checkpoints/best.pt,task2_sentiment/srinidhi/outputs/full/dilated_cnn/training_config.json,Intel(R) Core(TM) Ultra 9 285K,training provenance,NVIDIA GeForce RTX 5090
dilated_cnn,test,brier,0.033396921238986986,measured_full_test_selected_model,reproducibility/raw_logs/srinidhi/desktop-20261001/part2-full/training/dilated_cnn,reproducibility/raw_logs/srinidhi/desktop-20261001/part2-full/selected,task2_sentiment/srinidhi/checkpoints/dilated_cnn/best.pt,reproducibility/raw_logs/srinidhi/desktop-20261001/part2-full/training/dilated_cnn/dilated_cnn/checkpoints/best.pt,task2_sentiment/srinidhi/outputs/full/dilated_cnn/training_config.json,Intel(R) Core(TM) Ultra 9 285K,training provenance,NVIDIA GeForce RTX 5090
dilated_cnn,test,ece_15,0.012759035404108648,measured_full_test_selected_model,reproducibility/raw_logs/srinidhi/desktop-20261001/part2-full/training/dilated_cnn,reproducibility/raw_logs/srinidhi/desktop-20261001/part2-full/selected,task2_sentiment/srinidhi/checkpoints/dilated_cnn/best.pt,reproducibility/raw_logs/srinidhi/desktop-20261001/part2-full/training/dilated_cnn/dilated_cnn/checkpoints/best.pt,task2_sentiment/srinidhi/outputs/full/dilated_cnn/training_config.json,Intel(R) Core(TM) Ultra 9 285K,training provenance,NVIDIA GeForce RTX 5090
dilated_cnn,test,test_loss,0.11972266261201156,measured_full_test_selected_model,reproducibility/raw_logs/srinidhi/desktop-20261001/part2-full/training/dilated_cnn,reproducibility/raw_logs/srinidhi/desktop-20261001/part2-full/selected,task2_sentiment/srinidhi/checkpoints/dilated_cnn/best.pt,reproducibility/raw_logs/srinidhi/desktop-20261001/part2-full/training/dilated_cnn/dilated_cnn/checkpoints/best.pt,task2_sentiment/srinidhi/outputs/full/dilated_cnn/training_config.json,Intel(R) Core(TM) Ultra 9 285K,training provenance,NVIDIA GeForce RTX 5090
dilated_cnn,test,macro_precision,0.9563005517881553,measured_full_test_selected_model,reproducibility/raw_logs/srinidhi/desktop-20261001/part2-full/training/dilated_cnn,reproducibility/raw_logs/srinidhi/desktop-20261001/part2-full/selected,task2_sentiment/srinidhi/checkpoints/dilated_cnn/best.pt,reproducibility/raw_logs/srinidhi/desktop-20261001/part2-full/training/dilated_cnn/dilated_cnn/checkpoints/best.pt,task2_sentiment/srinidhi/outputs/full/dilated_cnn/training_config.json,Intel(R) Core(TM) Ultra 9 285K,training provenance,NVIDIA GeForce RTX 5090
dilated_cnn,test,macro_recall,0.9562631578947368,measured_full_test_selected_model,reproducibility/raw_logs/srinidhi/desktop-20261001/part2-full/training/dilated_cnn,reproducibility/raw_logs/srinidhi/desktop-20261001/part2-full/selected,task2_sentiment/srinidhi/checkpoints/dilated_cnn/best.pt,reproducibility/raw_logs/srinidhi/desktop-20261001/part2-full/training/dilated_cnn/dilated_cnn/checkpoints/best.pt,task2_sentiment/srinidhi/outputs/full/dilated_cnn/training_config.json,Intel(R) Core(TM) Ultra 9 285K,training provenance,NVIDIA GeForce RTX 5090
dilated_cnn,test,macro_f1,0.9562622618163114,measured_full_test_selected_model,reproducibility/raw_logs/srinidhi/desktop-20261001/part2-full/training/dilated_cnn,reproducibility/raw_logs/srinidhi/desktop-20261001/part2-full/selected,task2_sentiment/srinidhi/checkpoints/dilated_cnn/best.pt,reproducibility/raw_logs/srinidhi/desktop-20261001/part2-full/training/dilated_cnn/dilated_cnn/checkpoints/best.pt,task2_sentiment/srinidhi/outputs/full/dilated_cnn/training_config.json,Intel(R) Core(TM) Ultra 9 285K,training provenance,NVIDIA GeForce RTX 5090
dilated_cnn,test,micro_precision,0.9562631578947368,measured_full_test_selected_model,reproducibility/raw_logs/srinidhi/desktop-20261001/part2-full/training/dilated_cnn,reproducibility/raw_logs/srinidhi/desktop-20261001/part2-full/selected,task2_sentiment/srinidhi/checkpoints/dilated_cnn/best.pt,reproducibility/raw_logs/srinidhi/desktop-20261001/part2-full/training/dilated_cnn/dilated_cnn/checkpoints/best.pt,task2_sentiment/srinidhi/outputs/full/dilated_cnn/training_config.json,Intel(R) Core(TM) Ultra 9 285K,training provenance,NVIDIA GeForce RTX 5090
dilated_cnn,test,micro_recall,0.9562631578947368,measured_full_test_selected_model,reproducibility/raw_logs/srinidhi/desktop-20261001/part2-full/training/dilated_cnn,reproducibility/raw_logs/srinidhi/desktop-20261001/part2-full/selected,task2_sentiment/srinidhi/checkpoints/dilated_cnn/best.pt,reproducibility/raw_logs/srinidhi/desktop-20261001/part2-full/training/dilated_cnn/dilated_cnn/checkpoints/best.pt,task2_sentiment/srinidhi/outputs/full/dilated_cnn/training_config.json,Intel(R) Core(TM) Ultra 9 285K,training provenance,NVIDIA GeForce RTX 5090
dilated_cnn,test,micro_f1,0.9562631578947368,measured_full_test_selected_model,reproducibility/raw_logs/srinidhi/desktop-20261001/part2-full/training/dilated_cnn,reproducibility/raw_logs/srinidhi/desktop-20261001/part2-full/selected,task2_sentiment/srinidhi/checkpoints/dilated_cnn/best.pt,reproducibility/raw_logs/srinidhi/desktop-20261001/part2-full/training/dilated_cnn/dilated_cnn/checkpoints/best.pt,task2_sentiment/srinidhi/outputs/full/dilated_cnn/training_config.json,Intel(R) Core(TM) Ultra 9 285K,training provenance,NVIDIA GeForce RTX 5090
dilated_cnn,test,weighted_precision,0.9563005517881553,measured_full_test_selected_model,reproducibility/raw_logs/srinidhi/desktop-20261001/part2-full/training/dilated_cnn,reproducibility/raw_logs/srinidhi/desktop-20261001/part2-full/selected,task2_sentiment/srinidhi/checkpoints/dilated_cnn/best.pt,reproducibility/raw_logs/srinidhi/desktop-20261001/part2-full/training/dilated_cnn/dilated_cnn/checkpoints/best.pt,task2_sentiment/srinidhi/outputs/full/dilated_cnn/training_config.json,Intel(R) Core(TM) Ultra 9 285K,training provenance,NVIDIA GeForce RTX 5090
dilated_cnn,test,weighted_recall,0.9562631578947368,measured_full_test_selected_model,reproducibility/raw_logs/srinidhi/desktop-20261001/part2-full/training/dilated_cnn,reproducibility/raw_logs/srinidhi/desktop-20261001/part2-full/selected,task2_sentiment/srinidhi/checkpoints/dilated_cnn/best.pt,reproducibility/raw_logs/srinidhi/desktop-20261001/part2-full/training/dilated_cnn/dilated_cnn/checkpoints/best.pt,task2_sentiment/srinidhi/outputs/full/dilated_cnn/training_config.json,Intel(R) Core(TM) Ultra 9 285K,training provenance,NVIDIA GeForce RTX 5090
dilated_cnn,test,weighted_f1,0.9562622618163114,measured_full_test_selected_model,reproducibility/raw_logs/srinidhi/desktop-20261001/part2-full/training/dilated_cnn,reproducibility/raw_logs/srinidhi/desktop-20261001/part2-full/selected,task2_sentiment/srinidhi/checkpoints/dilated_cnn/best.pt,reproducibility/raw_logs/srinidhi/desktop-20261001/part2-full/training/dilated_cnn/dilated_cnn/checkpoints/best.pt,task2_sentiment/srinidhi/outputs/full/dilated_cnn/training_config.json,Intel(R) Core(TM) Ultra 9 285K,training provenance,NVIDIA GeForce RTX 5090
dilated_cnn,test,accuracy_95ci_low,0.9542361842105264,measured_full_test_selected_model,reproducibility/raw_logs/srinidhi/desktop-20261001/part2-full/training/dilated_cnn,reproducibility/raw_logs/srinidhi/desktop-20261001/part2-full/selected,task2_sentiment/srinidhi/checkpoints/dilated_cnn/best.pt,reproducibility/raw_logs/srinidhi/desktop-20261001/part2-full/training/dilated_cnn/dilated_cnn/checkpoints/best.pt,task2_sentiment/srinidhi/outputs/full/dilated_cnn/training_config.json,Intel(R) Core(TM) Ultra 9 285K,training provenance,NVIDIA GeForce RTX 5090
dilated_cnn,test,accuracy_95ci_high,0.9581842105263157,measured_full_test_selected_model,reproducibility/raw_logs/srinidhi/desktop-20261001/part2-full/training/dilated_cnn,reproducibility/raw_logs/srinidhi/desktop-20261001/part2-full/selected,task2_sentiment/srinidhi/checkpoints/dilated_cnn/best.pt,reproducibility/raw_logs/srinidhi/desktop-20261001/part2-full/training/dilated_cnn/dilated_cnn/checkpoints/best.pt,task2_sentiment/srinidhi/outputs/full/dilated_cnn/training_config.json,Intel(R) Core(TM) Ultra 9 285K,training provenance,NVIDIA GeForce RTX 5090
dilated_cnn,test,macro_f1_95ci_low,0.9542244147086671,measured_full_test_selected_model,reproducibility/raw_logs/srinidhi/desktop-20261001/part2-full/training/dilated_cnn,reproducibility/raw_logs/srinidhi/desktop-20261001/part2-full/selected,task2_sentiment/srinidhi/checkpoints/dilated_cnn/best.pt,reproducibility/raw_logs/srinidhi/desktop-20261001/part2-full/training/dilated_cnn/dilated_cnn/checkpoints/best.pt,task2_sentiment/srinidhi/outputs/full/dilated_cnn/training_config.json,Intel(R) Core(TM) Ultra 9 285K,training provenance,NVIDIA GeForce RTX 5090
dilated_cnn,test,macro_f1_95ci_high,0.9581805305784845,measured_full_test_selected_model,reproducibility/raw_logs/srinidhi/desktop-20261001/part2-full/training/dilated_cnn,reproducibility/raw_logs/srinidhi/desktop-20261001/part2-full/selected,task2_sentiment/srinidhi/checkpoints/dilated_cnn/best.pt,reproducibility/raw_logs/srinidhi/desktop-20261001/part2-full/training/dilated_cnn/dilated_cnn/checkpoints/best.pt,task2_sentiment/srinidhi/outputs/full/dilated_cnn/training_config.json,Intel(R) Core(TM) Ultra 9 285K,training provenance,NVIDIA GeForce RTX 5090
dilated_cnn,test,mcc_95ci_low,0.908475761584062,measured_full_test_selected_model,reproducibility/raw_logs/srinidhi/desktop-20261001/part2-full/training/dilated_cnn,reproducibility/raw_logs/srinidhi/desktop-20261001/part2-full/selected,task2_sentiment/srinidhi/checkpoints/dilated_cnn/best.pt,reproducibility/raw_logs/srinidhi/desktop-20261001/part2-full/training/dilated_cnn/dilated_cnn/checkpoints/best.pt,task2_sentiment/srinidhi/outputs/full/dilated_cnn/training_config.json,Intel(R) Core(TM) Ultra 9 285K,training provenance,NVIDIA GeForce RTX 5090
dilated_cnn,test,mcc_95ci_high,0.9163976899570747,measured_full_test_selected_model,reproducibility/raw_logs/srinidhi/desktop-20261001/part2-full/training/dilated_cnn,reproducibility/raw_logs/srinidhi/desktop-20261001/part2-full/selected,task2_sentiment/srinidhi/checkpoints/dilated_cnn/best.pt,reproducibility/raw_logs/srinidhi/desktop-20261001/part2-full/training/dilated_cnn/dilated_cnn/checkpoints/best.pt,task2_sentiment/srinidhi/outputs/full/dilated_cnn/training_config.json,Intel(R) Core(TM) Ultra 9 285K,training provenance,NVIDIA GeForce RTX 5090
dilated_cnn,training,parameter_count,5539073,measured_full_test_selected_model,reproducibility/raw_logs/srinidhi/desktop-20261001/part2-full/training/dilated_cnn,reproducibility/raw_logs/srinidhi/desktop-20261001/part2-full/selected,task2_sentiment/srinidhi/checkpoints/dilated_cnn/best.pt,reproducibility/raw_logs/srinidhi/desktop-20261001/part2-full/training/dilated_cnn/dilated_cnn/checkpoints/best.pt,task2_sentiment/srinidhi/outputs/full/dilated_cnn/training_config.json,Intel(R) Core(TM) Ultra 9 285K,training provenance,NVIDIA GeForce RTX 5090
dilated_cnn,training,train_seconds,240.7418473999969,measured_full_test_selected_model,reproducibility/raw_logs/srinidhi/desktop-20261001/part2-full/training/dilated_cnn,reproducibility/raw_logs/srinidhi/desktop-20261001/part2-full/selected,task2_sentiment/srinidhi/checkpoints/dilated_cnn/best.pt,reproducibility/raw_logs/srinidhi/desktop-20261001/part2-full/training/dilated_cnn/dilated_cnn/checkpoints/best.pt,task2_sentiment/srinidhi/outputs/full/dilated_cnn/training_config.json,Intel(R) Core(TM) Ultra 9 285K,training provenance,NVIDIA GeForce RTX 5090
dilated_cnn,training,peak_cuda_memory_bytes,470373888,measured_full_test_selected_model,reproducibility/raw_logs/srinidhi/desktop-20261001/part2-full/training/dilated_cnn,reproducibility/raw_logs/srinidhi/desktop-20261001/part2-full/selected,task2_sentiment/srinidhi/checkpoints/dilated_cnn/best.pt,reproducibility/raw_logs/srinidhi/desktop-20261001/part2-full/training/dilated_cnn/dilated_cnn/checkpoints/best.pt,task2_sentiment/srinidhi/outputs/full/dilated_cnn/training_config.json,Intel(R) Core(TM) Ultra 9 285K,training provenance,NVIDIA GeForce RTX 5090
dilated_cnn,training,selected_epoch,6,measured_full_test_selected_model,reproducibility/raw_logs/srinidhi/desktop-20261001/part2-full/training/dilated_cnn,reproducibility/raw_logs/srinidhi/desktop-20261001/part2-full/selected,task2_sentiment/srinidhi/checkpoints/dilated_cnn/best.pt,reproducibility/raw_logs/srinidhi/desktop-20261001/part2-full/training/dilated_cnn/dilated_cnn/checkpoints/best.pt,task2_sentiment/srinidhi/outputs/full/dilated_cnn/training_config.json,Intel(R) Core(TM) Ultra 9 285K,training provenance,NVIDIA GeForce RTX 5090
dilated_cnn,training,selected_validation_macro_f1,0.9534456770367985,measured_full_test_selected_model,reproducibility/raw_logs/srinidhi/desktop-20261001/part2-full/training/dilated_cnn,reproducibility/raw_logs/srinidhi/desktop-20261001/part2-full/selected,task2_sentiment/srinidhi/checkpoints/dilated_cnn/best.pt,reproducibility/raw_logs/srinidhi/desktop-20261001/part2-full/training/dilated_cnn/dilated_cnn/checkpoints/best.pt,task2_sentiment/srinidhi/outputs/full/dilated_cnn/training_config.json,Intel(R) Core(TM) Ultra 9 285K,training provenance,NVIDIA GeForce RTX 5090
dilated_cnn,training,completed_training_steps,23628,measured_full_test_selected_model,reproducibility/raw_logs/srinidhi/desktop-20261001/part2-full/training/dilated_cnn,reproducibility/raw_logs/srinidhi/desktop-20261001/part2-full/selected,task2_sentiment/srinidhi/checkpoints/dilated_cnn/best.pt,reproducibility/raw_logs/srinidhi/desktop-20261001/part2-full/training/dilated_cnn/dilated_cnn/checkpoints/best.pt,task2_sentiment/srinidhi/outputs/full/dilated_cnn/training_config.json,Intel(R) Core(TM) Ultra 9 285K,training provenance,NVIDIA GeForce RTX 5090
dilated_cnn,training,peak_host_rss_bytes,3339632640,measured_full_test_selected_model,reproducibility/raw_logs/srinidhi/desktop-20261001/part2-full/training/dilated_cnn,reproducibility/raw_logs/srinidhi/desktop-20261001/part2-full/selected,task2_sentiment/srinidhi/checkpoints/dilated_cnn/best.pt,reproducibility/raw_logs/srinidhi/desktop-20261001/part2-full/training/dilated_cnn/dilated_cnn/checkpoints/best.pt,task2_sentiment/srinidhi/outputs/full/dilated_cnn/training_config.json,Intel(R) Core(TM) Ultra 9 285K,training provenance,NVIDIA GeForce RTX 5090
dilated_cnn,training,examples_per_second,12561.173026871267,measured_full_test_selected_model,reproducibility/raw_logs/srinidhi/desktop-20261001/part2-full/training/dilated_cnn,reproducibility/raw_logs/srinidhi/desktop-20261001/part2-full/selected,task2_sentiment/srinidhi/checkpoints/dilated_cnn/best.pt,reproducibility/raw_logs/srinidhi/desktop-20261001/part2-full/training/dilated_cnn/dilated_cnn/checkpoints/best.pt,task2_sentiment/srinidhi/outputs/full/dilated_cnn/training_config.json,Intel(R) Core(TM) Ultra 9 285K,training provenance,NVIDIA GeForce RTX 5090
dilated_cnn,length_lt50,support,15747,measured_full_test_selected_model,reproducibility/raw_logs/srinidhi/desktop-20261001/part2-full/training/dilated_cnn,reproducibility/raw_logs/srinidhi/desktop-20261001/part2-full/selected,task2_sentiment/srinidhi/checkpoints/dilated_cnn/best.pt,reproducibility/raw_logs/srinidhi/desktop-20261001/part2-full/training/dilated_cnn/dilated_cnn/checkpoints/best.pt,task2_sentiment/srinidhi/outputs/full/dilated_cnn/training_config.json,Intel(R) Core(TM) Ultra 9 285K,training provenance,NVIDIA GeForce RTX 5090
dilated_cnn,length_lt50,macro_f1,0.9558482343434225,measured_full_test_selected_model,reproducibility/raw_logs/srinidhi/desktop-20261001/part2-full/training/dilated_cnn,reproducibility/raw_logs/srinidhi/desktop-20261001/part2-full/selected,task2_sentiment/srinidhi/checkpoints/dilated_cnn/best.pt,reproducibility/raw_logs/srinidhi/desktop-20261001/part2-full/training/dilated_cnn/dilated_cnn/checkpoints/best.pt,task2_sentiment/srinidhi/outputs/full/dilated_cnn/training_config.json,Intel(R) Core(TM) Ultra 9 285K,training provenance,NVIDIA GeForce RTX 5090
dilated_cnn,length_lt50,error_rate,0.043119324315742724,measured_full_test_selected_model,reproducibility/raw_logs/srinidhi/desktop-20261001/part2-full/training/dilated_cnn,reproducibility/raw_logs/srinidhi/desktop-20261001/part2-full/selected,task2_sentiment/srinidhi/checkpoints/dilated_cnn/best.pt,reproducibility/raw_logs/srinidhi/desktop-20261001/part2-full/training/dilated_cnn/dilated_cnn/checkpoints/best.pt,task2_sentiment/srinidhi/outputs/full/dilated_cnn/training_config.json,Intel(R) Core(TM) Ultra 9 285K,training provenance,NVIDIA GeForce RTX 5090
dilated_cnn,length_50_199,support,19530,measured_full_test_selected_model,reproducibility/raw_logs/srinidhi/desktop-20261001/part2-full/training/dilated_cnn,reproducibility/raw_logs/srinidhi/desktop-20261001/part2-full/selected,task2_sentiment/srinidhi/checkpoints/dilated_cnn/best.pt,reproducibility/raw_logs/srinidhi/desktop-20261001/part2-full/training/dilated_cnn/dilated_cnn/checkpoints/best.pt,task2_sentiment/srinidhi/outputs/full/dilated_cnn/training_config.json,Intel(R) Core(TM) Ultra 9 285K,training provenance,NVIDIA GeForce RTX 5090
dilated_cnn,length_50_199,macro_f1,0.9567670872018699,measured_full_test_selected_model,reproducibility/raw_logs/srinidhi/desktop-20261001/part2-full/training/dilated_cnn,reproducibility/raw_logs/srinidhi/desktop-20261001/part2-full/selected,task2_sentiment/srinidhi/checkpoints/dilated_cnn/best.pt,reproducibility/raw_logs/srinidhi/desktop-20261001/part2-full/training/dilated_cnn/dilated_cnn/checkpoints/best.pt,task2_sentiment/srinidhi/outputs/full/dilated_cnn/training_config.json,Intel(R) Core(TM) Ultra 9 285K,training provenance,NVIDIA GeForce RTX 5090
dilated_cnn,length_50_199,error_rate,0.043010752688172005,measured_full_test_selected_model,reproducibility/raw_logs/srinidhi/desktop-20261001/part2-full/training/dilated_cnn,reproducibility/raw_logs/srinidhi/desktop-20261001/part2-full/selected,task2_sentiment/srinidhi/checkpoints/dilated_cnn/best.pt,reproducibility/raw_logs/srinidhi/desktop-20261001/part2-full/training/dilated_cnn/dilated_cnn/checkpoints/best.pt,task2_sentiment/srinidhi/outputs/full/dilated_cnn/training_config.json,Intel(R) Core(TM) Ultra 9 285K,training provenance,NVIDIA GeForce RTX 5090
dilated_cnn,length_ge200,support,2723,measured_full_test_selected_model,reproducibility/raw_logs/srinidhi/desktop-20261001/part2-full/training/dilated_cnn,reproducibility/raw_logs/srinidhi/desktop-20261001/part2-full/selected,task2_sentiment/srinidhi/checkpoints/dilated_cnn/best.pt,reproducibility/raw_logs/srinidhi/desktop-20261001/part2-full/training/dilated_cnn/dilated_cnn/checkpoints/best.pt,task2_sentiment/srinidhi/outputs/full/dilated_cnn/training_config.json,Intel(R) Core(TM) Ultra 9 285K,training provenance,NVIDIA GeForce RTX 5090
dilated_cnn,length_ge200,macro_f1,0.9420192550946398,measured_full_test_selected_model,reproducibility/raw_logs/srinidhi/desktop-20261001/part2-full/training/dilated_cnn,reproducibility/raw_logs/srinidhi/desktop-20261001/part2-full/selected,task2_sentiment/srinidhi/checkpoints/dilated_cnn/best.pt,reproducibility/raw_logs/srinidhi/desktop-20261001/part2-full/training/dilated_cnn/dilated_cnn/checkpoints/best.pt,task2_sentiment/srinidhi/outputs/full/dilated_cnn/training_config.json,Intel(R) Core(TM) Ultra 9 285K,training provenance,NVIDIA GeForce RTX 5090
dilated_cnn,length_ge200,error_rate,0.05251560778553066,measured_full_test_selected_model,reproducibility/raw_logs/srinidhi/desktop-20261001/part2-full/training/dilated_cnn,reproducibility/raw_logs/srinidhi/desktop-20261001/part2-full/selected,task2_sentiment/srinidhi/checkpoints/dilated_cnn/best.pt,reproducibility/raw_logs/srinidhi/desktop-20261001/part2-full/training/dilated_cnn/dilated_cnn/checkpoints/best.pt,task2_sentiment/srinidhi/outputs/full/dilated_cnn/training_config.json,Intel(R) Core(TM) Ultra 9 285K,training provenance,NVIDIA GeForce RTX 5090
dilated_cnn,negation_present,support,28062,measured_full_test_selected_model,reproducibility/raw_logs/srinidhi/desktop-20261001/part2-full/training/dilated_cnn,reproducibility/raw_logs/srinidhi/desktop-20261001/part2-full/selected,task2_sentiment/srinidhi/checkpoints/dilated_cnn/best.pt,reproducibility/raw_logs/srinidhi/desktop-20261001/part2-full/training/dilated_cnn/dilated_cnn/checkpoints/best.pt,task2_sentiment/srinidhi/outputs/full/dilated_cnn/training_config.json,Intel(R) Core(TM) Ultra 9 285K,training provenance,NVIDIA GeForce RTX 5090
dilated_cnn,negation_present,macro_f1,0.9551013257921337,measured_full_test_selected_model,reproducibility/raw_logs/srinidhi/desktop-20261001/part2-full/training/dilated_cnn,reproducibility/raw_logs/srinidhi/desktop-20261001/part2-full/selected,task2_sentiment/srinidhi/checkpoints/dilated_cnn/best.pt,reproducibility/raw_logs/srinidhi/desktop-20261001/part2-full/training/dilated_cnn/dilated_cnn/checkpoints/best.pt,task2_sentiment/srinidhi/outputs/full/dilated_cnn/training_config.json,Intel(R) Core(TM) Ultra 9 285K,training provenance,NVIDIA GeForce RTX 5090
dilated_cnn,negation_present,error_rate,0.04354643289858173,measured_full_test_selected_model,reproducibility/raw_logs/srinidhi/desktop-20261001/part2-full/training/dilated_cnn,reproducibility/raw_logs/srinidhi/desktop-20261001/part2-full/selected,task2_sentiment/srinidhi/checkpoints/dilated_cnn/best.pt,reproducibility/raw_logs/srinidhi/desktop-20261001/part2-full/training/dilated_cnn/dilated_cnn/checkpoints/best.pt,task2_sentiment/srinidhi/outputs/full/dilated_cnn/training_config.json,Intel(R) Core(TM) Ultra 9 285K,training provenance,NVIDIA GeForce RTX 5090
dilated_cnn,negation_absent,support,9938,measured_full_test_selected_model,reproducibility/raw_logs/srinidhi/desktop-20261001/part2-full/training/dilated_cnn,reproducibility/raw_logs/srinidhi/desktop-20261001/part2-full/selected,task2_sentiment/srinidhi/checkpoints/dilated_cnn/best.pt,reproducibility/raw_logs/srinidhi/desktop-20261001/part2-full/training/dilated_cnn/dilated_cnn/checkpoints/best.pt,task2_sentiment/srinidhi/outputs/full/dilated_cnn/training_config.json,Intel(R) Core(TM) Ultra 9 285K,training provenance,NVIDIA GeForce RTX 5090
dilated_cnn,negation_absent,macro_f1,0.940379111146016,measured_full_test_selected_model,reproducibility/raw_logs/srinidhi/desktop-20261001/part2-full/training/dilated_cnn,reproducibility/raw_logs/srinidhi/desktop-20261001/part2-full/selected,task2_sentiment/srinidhi/checkpoints/dilated_cnn/best.pt,reproducibility/raw_logs/srinidhi/desktop-20261001/part2-full/training/dilated_cnn/dilated_cnn/checkpoints/best.pt,task2_sentiment/srinidhi/outputs/full/dilated_cnn/training_config.json,Intel(R) Core(TM) Ultra 9 285K,training provenance,NVIDIA GeForce RTX 5090
dilated_cnn,negation_absent,error_rate,0.04427450191185345,measured_full_test_selected_model,reproducibility/raw_logs/srinidhi/desktop-20261001/part2-full/training/dilated_cnn,reproducibility/raw_logs/srinidhi/desktop-20261001/part2-full/selected,task2_sentiment/srinidhi/checkpoints/dilated_cnn/best.pt,reproducibility/raw_logs/srinidhi/desktop-20261001/part2-full/training/dilated_cnn/dilated_cnn/checkpoints/best.pt,task2_sentiment/srinidhi/outputs/full/dilated_cnn/training_config.json,Intel(R) Core(TM) Ultra 9 285K,training provenance,NVIDIA GeForce RTX 5090
dilated_cnn,oov_lt10pct,support,37666,measured_full_test_selected_model,reproducibility/raw_logs/srinidhi/desktop-20261001/part2-full/training/dilated_cnn,reproducibility/raw_logs/srinidhi/desktop-20261001/part2-full/selected,task2_sentiment/srinidhi/checkpoints/dilated_cnn/best.pt,reproducibility/raw_logs/srinidhi/desktop-20261001/part2-full/training/dilated_cnn/dilated_cnn/checkpoints/best.pt,task2_sentiment/srinidhi/outputs/full/dilated_cnn/training_config.json,Intel(R) Core(TM) Ultra 9 285K,training provenance,NVIDIA GeForce RTX 5090
dilated_cnn,oov_lt10pct,macro_f1,0.9568308693097023,measured_full_test_selected_model,reproducibility/raw_logs/srinidhi/desktop-20261001/part2-full/training/dilated_cnn,reproducibility/raw_logs/srinidhi/desktop-20261001/part2-full/selected,task2_sentiment/srinidhi/checkpoints/dilated_cnn/best.pt,reproducibility/raw_logs/srinidhi/desktop-20261001/part2-full/training/dilated_cnn/dilated_cnn/checkpoints/best.pt,task2_sentiment/srinidhi/outputs/full/dilated_cnn/training_config.json,Intel(R) Core(TM) Ultra 9 285K,training provenance,NVIDIA GeForce RTX 5090
dilated_cnn,oov_lt10pct,error_rate,0.04316890564434772,measured_full_test_selected_model,reproducibility/raw_logs/srinidhi/desktop-20261001/part2-full/training/dilated_cnn,reproducibility/raw_logs/srinidhi/desktop-20261001/part2-full/selected,task2_sentiment/srinidhi/checkpoints/dilated_cnn/best.pt,reproducibility/raw_logs/srinidhi/desktop-20261001/part2-full/training/dilated_cnn/dilated_cnn/checkpoints/best.pt,task2_sentiment/srinidhi/outputs/full/dilated_cnn/training_config.json,Intel(R) Core(TM) Ultra 9 285K,training provenance,NVIDIA GeForce RTX 5090
dilated_cnn,oov_ge10pct,support,334,measured_full_test_selected_model,reproducibility/raw_logs/srinidhi/desktop-20261001/part2-full/training/dilated_cnn,reproducibility/raw_logs/srinidhi/desktop-20261001/part2-full/selected,task2_sentiment/srinidhi/checkpoints/dilated_cnn/best.pt,reproducibility/raw_logs/srinidhi/desktop-20261001/part2-full/training/dilated_cnn/dilated_cnn/checkpoints/best.pt,task2_sentiment/srinidhi/outputs/full/dilated_cnn/training_config.json,Intel(R) Core(TM) Ultra 9 285K,training provenance,NVIDIA GeForce RTX 5090
dilated_cnn,oov_ge10pct,macro_f1,0.8845622119815668,measured_full_test_selected_model,reproducibility/raw_logs/srinidhi/desktop-20261001/part2-full/training/dilated_cnn,reproducibility/raw_logs/srinidhi/desktop-20261001/part2-full/selected,task2_sentiment/srinidhi/checkpoints/dilated_cnn/best.pt,reproducibility/raw_logs/srinidhi/desktop-20261001/part2-full/training/dilated_cnn/dilated_cnn/checkpoints/best.pt,task2_sentiment/srinidhi/outputs/full/dilated_cnn/training_config.json,Intel(R) Core(TM) Ultra 9 285K,training provenance,NVIDIA GeForce RTX 5090
dilated_cnn,oov_ge10pct,error_rate,0.10778443113772451,measured_full_test_selected_model,reproducibility/raw_logs/srinidhi/desktop-20261001/part2-full/training/dilated_cnn,reproducibility/raw_logs/srinidhi/desktop-20261001/part2-full/selected,task2_sentiment/srinidhi/checkpoints/dilated_cnn/best.pt,reproducibility/raw_logs/srinidhi/desktop-20261001/part2-full/training/dilated_cnn/dilated_cnn/checkpoints/best.pt,task2_sentiment/srinidhi/outputs/full/dilated_cnn/training_config.json,Intel(R) Core(TM) Ultra 9 285K,training provenance,NVIDIA GeForce RTX 5090
dilated_cnn,test,paired_mcnemar_vs_baseline_table,"[[34815, 598], [1523, 1064]]",measured_full_test_selected_model,reproducibility/raw_logs/srinidhi/desktop-20261001/part2-full/training/dilated_cnn,reproducibility/raw_logs/srinidhi/desktop-20261001/part2-full/selected,task2_sentiment/srinidhi/checkpoints/dilated_cnn/best.pt,reproducibility/raw_logs/srinidhi/desktop-20261001/part2-full/training/dilated_cnn/dilated_cnn/checkpoints/best.pt,task2_sentiment/srinidhi/outputs/full/dilated_cnn/training_config.json,Intel(R) Core(TM) Ultra 9 285K,training provenance,NVIDIA GeForce RTX 5090
dilated_cnn,test,paired_mcnemar_vs_baseline_discordant_pairs,2121,measured_full_test_selected_model,reproducibility/raw_logs/srinidhi/desktop-20261001/part2-full/training/dilated_cnn,reproducibility/raw_logs/srinidhi/desktop-20261001/part2-full/selected,task2_sentiment/srinidhi/checkpoints/dilated_cnn/best.pt,reproducibility/raw_logs/srinidhi/desktop-20261001/part2-full/training/dilated_cnn/dilated_cnn/checkpoints/best.pt,task2_sentiment/srinidhi/outputs/full/dilated_cnn/training_config.json,Intel(R) Core(TM) Ultra 9 285K,training provenance,NVIDIA GeForce RTX 5090
dilated_cnn,test,paired_mcnemar_vs_baseline_pvalue_exact_two_sided,1.5497944409153588e-92,measured_full_test_selected_model,reproducibility/raw_logs/srinidhi/desktop-20261001/part2-full/training/dilated_cnn,reproducibility/raw_logs/srinidhi/desktop-20261001/part2-full/selected,task2_sentiment/srinidhi/checkpoints/dilated_cnn/best.pt,reproducibility/raw_logs/srinidhi/desktop-20261001/part2-full/training/dilated_cnn/dilated_cnn/checkpoints/best.pt,task2_sentiment/srinidhi/outputs/full/dilated_cnn/training_config.json,Intel(R) Core(TM) Ultra 9 285K,training provenance,NVIDIA GeForce RTX 5090
